id,时间,内容
20783707801,5,华为Pocket2是一款时尚实用的折叠手机，采用玄武水滴铰链结构，几乎无折痕，配色大溪地灰有档次。搭载全焦段三摄模组和超光谱摄像头，支持双向卫星通信，充电续航出色。是全能无遗憾的神器，物超所值。
20811786558,5,"外形外观：非常时尚好看，父母很喜欢
屏幕手感拿着也舒服，而且中间的痕迹也不明显，在所有品牌中是最自然的感觉，
屏幕音效：双扬声器也很舒服，拍照好看
拍照效果：像素高，而且非常舒服握持手感很爽，不愧是折叠屏。"
20767623344,5,遥遥领先，遥遥领先！HUAWEI pocket2女性朋友用真的很适合，美观大方。大溪地灰&quot;灰&quot;常漂亮！给人一种高端大气的感觉。屏幕清晰惊艳，折痕比上一代改善不少很平整。日常生活办公麒麟处理器的性能绰绰有余。总之遥遥领先！
20774640560,5,"外形外观：这外观可以说非常的吸引眼球了。老婆的生日礼物，非常的喜欢。
运行速度：操作流畅。
待机时间：待机时间让苹果机羡慕。
屏幕音效：屏幕折痕保持得非常好。
拍照效果：前置拍照挺不错的。"
20809249212,5,"一直无货，第一时间就在京东下单了, 华为商城试了几次 没抢到, 拍照也是标记好手机质感也是一级棒。好评好评。很适合女生～

外形外观：白色真的好好看，爱不释手
屏幕音效：屏幕清晰，可以折叠小小的，轻松放进口袋
拍照效果：拍照效果真的好好"
20749637934,5,喜欢😍物流很快就到了，小巧方便携带，价格小贵族。送货****态度好，满意🈵🈵🈵🈵🈵🈵🈵🈵🈵🈵🈵🈵🈵🈵🈵🈵🈵🈵🈵🈵🈵支持华为手机
20613459454,3,好看～但是系统没有苹果好
20729528921,5,特别好看又好用   使用方便  流畅  特别是语音服务更适合老年人  感觉使用了该产品人也变年轻自信了
20780277750,5,给家里老人买的，感觉很不错，速度各方面杠杠的，展开后看不出是折叠屏痕迹，摄像头下方的小圆屏设计很有创意，折叠起来后能有效的防止屏幕被刮伤之类的问题，携带也还方便多了，挺不错的。
20767939176,5,外观实在是非常讨女孩子喜欢，送给爱人的礼物，真的很漂亮，也很方便，小屏折叠很可爱，华为手机别讲配置如何，产品质量没的说！
20723214809,5,颜值很惊艳，大溪地高级灰的设计独具魅力。内在是妥妥的华为担当，必须来评价点赞👍。我用的都是华为，华为P10，华为Mate30，到现在这款，以前的都还在用，除了电池可以换，30还和新的一样。教我怎能不选华为👏👏👊
20744473304,5,卖家服务超级好，发货很快，打包很好，到手检查无任何问题，已经开机使用了一段时间了，颜值真的很高，另外华为系统我只能说是嘎嘎好用，不错👍
20806686783,5,这款手机发布时就被它的颜值打败！拍照像素极好，满足我这个拍照达人的需求。信号强度很好，充电速度快，非常满意！
20811973407,5,好看好看太好看了，折痕控制得很好，日常使用基本看不出来，日常使用系统也很流畅，第一次买华为，确实是旗舰水平。
20707446371,5,在京东抢到了，而且用的以旧换新，真的好便宜，直接送货上门也很爽，妈妈过生日给她买的，她很开心，用的也很开心，简单方便，也很大气确实不错6666
20707654220,5,非常好看，白色真的是特别好看，折痕很小，京东购买发货很快，第二天就能到，非常完美，以后还会在京东购买的，遥遥领先！
20719019052,5,到货就迫不及待打开了，果真没有让我失望，质量特别好，颜值也相当高，满意的一次购物急了，我彻底急了。当我看到其他人的好评，我感同身受，就好像那些事情真的发生了一样，此时此刻我真的破防了，我怎么可以不给好评！！
20744038523,5,"喜欢华为的品牌，上部是华为X5,想换个小的，这个是很漂亮的设计感。信赖平台信赖品牌，物流速度超快，还能以旧换新，喜欢京东，爱了！点赞！"
20705214568,5,"特别好看    
    适合女孩子用   
      当天就送到了
    就是没有白色    
   紫色也不错"
20769845150,5,预约新品，国货精品，品质精选，值得购买！特意用了一段时间再来评价，外观确实精致，硬件配置也很强大，折叠的痕迹还是没有完全避免！
20761544455,5,华为折叠手机时尚首选，送给对象，选的白色她很喜欢。折叠后小巧拿在手里很精致！京东物流很给力，两天到货！
20808712114,5,"外形外观：非常时尚，很有设计感
屏幕音效：屏幕显示效果杠杠的，同时屏幕也大看视频很爽
拍照效果：很不错，还有测紫外线之类的功能很有意思
运行速度：快，没有卡顿
待机时间：长，耐用"
20781501399,5,"这个颜色很喜欢，摸起来质感不错，百搭～包装也很大气，用来送人的话也是不错的选择。
外形外观：小折叠手机，很方便，携带方便
拍照效果：和mate60p差不多，也很清晰"
20765132847,5,终于收到货了，非常非常喜欢，做工精致漂亮，已经被很多人夸了，真的太开心了，已经是他家的忠实粉丝了，以后还会继续买买买的
20727124681,5,评论真的很喜欢，完全超出期望值，发货速度非常快，包装非常仔细、严实，运送速度很快，很满意的一次购物真的很喜欢，完全超出期望值，发货速度非常快，包装非常仔细、严实，运送速度很快，很满意的一次购物
20805098915,5,心心念念的华为到货了，外观满意、手感满意。防晒监测是女生的贴心服务，华为的人性化到位了。折叠后非常剩空间，女生再小的包包也能放，打开后又是超大屏幕，清晰度遥遥领先！看剧不再皱眉。值！👍
20768679127,5,看起来还不错，包装的很仔细，价格也非常公道，还会继续买买买！大品牌！值得信赖的！效果超级好！贵有贵的道理！很棒的商品！物流和产品都不错，性价比高，赞赞赞
20780280242,3,给家里老人买的，感觉很不错，速度各方面杠杠的，展开后看不出是折叠屏痕迹，摄像头下方的小圆屏设计很有创意，折叠起来后能有效的防止屏幕被刮伤之类的问题，携带也还方便多。让人不满的是耳机，必须用华为自己的，好像第三方耳机插上去都没有效果。
20752105094,5,"电池容量有点小了，正常用一天从早到晚充电一次基本不够用。
外观颜值真的高，适合女性使用，外屏有基本的信息显示，挺实用的。
有无线充电功能，充电就方便多了。
打开后用了几天屏幕上从侧面或者不是正常的直视角度看基本都能看到折痕，多少会有点影响手感和颜值这个问题要是能解决就完美了。
拍照自带美颜，连打视频都是自动磨皮了的，其实不太喜欢，现在的人都用美颜否定自己的长相真的挺没必要的。"
20805493551,5,"外形外观：外观时尚，质感在线，大溪地灰确实好看
屏幕音效：屏幕修长单手使用手感好，屏幕整理观感挺好，基本上忽略折痕
拍照效果：后置自拍很好用，拍照好看
运行速度：运行流畅，不存在卡顿，但有发热
待机时间：折叠屏续航一般"
20776783213,4,外观颜值在线，手机背面更是独一无二，手感很好，折叠屏几乎看不到折痕。系统运行流畅，拍照效果出色，图像清晰度高，色彩还原准确，支持多种拍摄模式和功能。电池容量适中，续航能力可以。
20809139888,5,"送给老婆的礼物，我们为什么选择pocket2？
外形外观：这是关键因素，带我把pure70和pocket2放在老婆面前，她就选pocket2。
屏幕音效：已经用了2个星期了，折痕如图，感觉不错，其实不影响肉眼观看，如果用手去摸的话还是能够摸到折痕的。
拍照效果：对手机拍照要求不算太高。可能它达不到其他品牌的影像旗舰那程度。但它的拍照已经够用了。
运行速度：不玩游戏，日常使用一点问题都没有，很流畅。
其他特色：手机壳真的很好看，折叠后终于可以放进小包包了"
20747641329,5,"铰链比较完美 甚至感觉比大折叠的铰链还舒服些
外观绝对好看 
用了一个多月了
还不错
习惯了小手机 以后估计直板就不喜欢了
原装手机膜一个月有明显折痕 有待交往
相机的颜色有点不习惯 会有失真的感觉
颜色偏暗 app的兼容度 老实说没有苹果的适配
京东的以旧换新 反正不管你怎么老实的上报手机情况 最后检查出来都会扣钱 做好心理准备就行了
电池的话 一直打游戏可以坚持大半天 正常使用的话到下午六七点还能剩个百分之七八十
晚上睡觉不充电基本不会掉电掉的很厉害"
20749660654,5,使用快两个月了，手感还不错，换上新衣服就是一整个美丽住了。拍照功能感觉还能再好点。自带的屏幕保护膜比较软，很容易被指甲划到，希望免费换新膜的次数多点。
20717630154,5,我终于遥遥领先了！！用了14年苹果，转化为，虽然还在适应用，虽然苹果生态在更替中，但是是我用定了！！为我大国货点赞！遥遥领先！！
20736228990,5,用了一个多月了，暂时还没发现啥缺点，非得要找个缺点就是我买的车载无限快充50W的充不上这款手机，得买80W的才支持。手机充电速度超级快，很平整，系统丝滑流畅，照人像特别好看。
20731144802,5,这款手机非常棒，在京东买的手机，华为手机是我们国家的荣耀喜欢华为做得越来越好，用为我们国家的民族品牌。
20790738073,5,超好看，收到Pocket2后顿时觉得I Phone15 Pro Max不香了，操控性很好，小巧轻便，值得拥有
20766337077,4,"外形外观：美观小巧，使用方便，随便哪个包都放得下
运行速度：运行流畅
待机时间：新机待机还可以，偶尔刷刷短视频，一整天不充电可以的
拍照效果：像素很清晰，也很真实
整体还是挺满意的，就是使用折叠的时候得小心些。"
20730296480,5,外观漂亮，老婆毫无抵抗力，这就值了，难得她对一件电子产品这么有兴趣，续航一般，毕竟折叠屏，给电池的空间有限，可以理解，其他用着都挺好
20536569866,5,样子很好看，白色很适合女生，质感很棒，做工扎实，屏幕颜色自然，感官舒适，对于女生来说，美就行了，内存大点，参数啥&hellip;&hellip;
20540253840,5,"外形外观：超好看，大溪地灰真的有质感！摸在手上也很舒服，小小巧巧的太完美了，喜欢😍不同的光线下和不同的角度都有不一样的颜色！

拍照效果：拍照效果挺不错的！

运行速度：非常快！手机反应速度，运行速度都很快！

整体来说，真的是爱不释手，第一次使用华为手机，也是第一次使用折叠手机！真的超值的！"
20561179250,5,pocket2非常值得购买，9000s芯片，1.5k分辨率，带无线充电，手机最高级别防水，所有需要的点华为都满足了。副屏虽然小，但是是所有折叠屏里的最好看的。加上超高的颜值，看不出来的折痕，估计又会成为爆款。真的会买。
20531228638,5,"第一时间抢购，华为的品质无可挑剔。
Pocket2的性能日常使用绰绰有余，女士使用首选。
拍照效果很棒，色彩还原优秀。"
20559449150,5,"手机非常好看，很喜欢，配上好看的手机壳绝绝子！
外形外观：超级好看！
屏幕音效：好好好，很清晰。
拍照效果：清楚清晰，喜欢"
20531938042,5,颜值在线，手感很好很舒服，看起来比上两部顺眼多了，且没有折痕。不过后背折叠地方的链接处很明显，可以摸得到。
20529519024,5,发布当天只看了照片和视频就下单了，主要看中颜值，也支持国产自主研发。后来老婆在实体店看到真机特别喜欢，每天盼星星盼月亮问什么时候发货。今天终于拿到手，给京东点赞，发货和快递都是神速。手机颜值超高，洛可可白低调中透着高雅，折叠屏造型也比较独特。操控丝滑度很好，屏幕滑动时感觉比较跟手。
20558573183,5,"华为Pocket2是一款小巧的折叠屏手机，它融合了时尚与实用，具有许多令人印象深刻的优点。

首先，它的外观设计非常精美，采用了高质感的材质和独特的配色方案，使得它在众多手机中脱颖而出。同时，折叠屏的设计使得它在展开后可以拥有更大的屏幕，满足用户对于大屏幕的需求，而在折叠起来后又非常便携，非常适合那些追求时尚和实用的用户。

其次，华为Pocket2的性能表现也非常出色。它搭载了高性能的处理器和大容量的内存，可以流畅运行各种应用程序和游戏，满足用户的日常使用需求。同时，它还支持快速充电和长续航，让用户可以随时随地畅享手机带来的乐趣。

此外，华为Pocket2还具备出色的拍照功能。它配备了高分辨率的摄像头和多种拍照模式，可以满足用户对于拍照的各种需求，无论是日常拍照还是专业摄影，都能够轻松胜任。"
20564113982,5,想买折叠机好久了，又很钟情于华为，苦于一直没有出5G的折叠机，这次新产品发布会一完，就立刻抢购了一个。整体来说很令人惊艳，机身俨然是个艺术品，外面的小屏也起到了很好的辅助作用。张开以后屏幕很大，看起来很舒爽。冲浪速度很快，咬牙买了一个1TB的，这下再也不用担心流量问题。华为自带的手机壳和贴膜，都很贴心，是一次很成功的购物体验。
20529128473,5,"京东物流超快，收到手机了，超级喜欢送给媳妇的的！
外形外观：颜色好看，尺寸正好，折叠后方便携带

拍照效果：拍照好看漂亮
运行速度：超级快

不愧是遥遥领先，支持华为，赞赞赞！"
20649246047,3,之前用的13Pro，本来想换三星的，突然有广子推这个手机给我，看着还有趣就预定了，到手到现在感觉还是不适合我。充电快，但是耗电也快，有些地方比较人性化，比苹果好些，但也有不喜欢的，又准备换回我的苹果，这个给家人用了。
20569099155,5,多年米粉为了这款手机转向华为的阵营，下单后一直期待到货。开机升级了OS，早六点半电量100%到晚六点半电量显示22%，可以算是百分之七十以上时间在使用中，不玩儿游戏。手感很不错，屏幕显示感觉上更好👍期待长期使用的优异体验。
20531898086,5,提前就预定啦！到手很快！非常漂亮，做工精细，颜值担当，非常方便，喜欢的朋友可以下手！折叠屏使用很小巧方便，充电66w很快，外屏可以云养小猫猫，可可爱爱，推荐购买！
20529451801,5,第一时间抢到新机！运气爆棚！镜头模组和外屏打造成一对圆润饱满的珍珠双环设计，经典对称布局，呈现和谐的秩序之美！不愧为遥遥领先！！必须支持！！华为加油！！
20541907489,5,从OPPO转过来的，一直找不到完美的小折叠，防水、无线充电这两个需求已经毙掉大部分品牌，剩下三星电池太小续航不够。直到华为pocket2出现，终于能满足我所有需求，价格还比上代降了，最关键的是，开盒成功！完美。京东服务很好，值得信赖。
20539004465,5,"华为出品，必属精品。
送老妈的手机，她很喜欢。
希望她用更轻松更年轻的心态去生活（没有人定义这个手机只能小女生用吧）
外形外观：独特且唯一，每一个洛可可白都不一样。
屏幕音效：舒适且自然，老妈更喜欢平面，字更大。

拍照效果：后置摄像头自拍，没有鱼眼变形效果更自然
运行速度：据说芯片和mate60是一样的，1T超大容量随便拍照
非常满意的购物体验！华为牛！"
20660226188,5,款式很大方，质量非常好，价钱也很合理真心喜欢，颜色、款式都非常棒！(๑&bull;̀ㅂ&bull;́)و✧价格超优惠，性能也非常棒，完美的一次购物💌收到立马打开看了一下，非常不错，质量超好，颜值又高😘，推荐推荐🉑精挑细选很久✨，最后决定买这一款🎁，到货后果然没有让我失望，实物很漂亮🔮，做工很精细🌈，特别满意💖到货就迫不及待打开了，果真没有让我失望，质量特别好，颜值也相当高，满意的一次购物到货就迫不及待打开了，果真没有让我失望，质量特别好，颜值也相当高，满意的一次购物宝贝已收到，是我想要的，手感很好，质量也挺好，有问题客服也很快就解决了，态度非常好，一定好评！🎁宝贝收到了，颜色很好看，质感也很好，样子简单！🤩是我想要的！！下次还会再来！整体来说还是很不错的，店家服务态度很好，而且质量也很好，没有异味完美，产品很惊艳，性价比合适，希望用的长久！跟描述的是一样的，很显高档，物美价廉，要买的朋友可以下单噢！😃大品牌！值得信赖！效果超级好！贵有贵的道理！很棒的商品！宝贝收到咯👌🏻，真的很棒呀！🌈质量真是没话说，非常满意！🆗开心开心😃每一次都很满意，这次选的宝贝更加满意，以后还会一如既往
20697208868,5,手机确实很漂亮，连包装盒子都是镂空的，折叠后很小巧，拍照效果中规中矩，屏幕显示效果很柔和，挺不错的。
20541299544,5,24号拍的，今天终于到货了，到家了迫不及待的打开，颜值是真的高，刚开始用，很丝滑。用了多少年华为了，希望能吸引我一直用下去。
20530332199,5,看完发布会就被背板深深吸引，很幸运抢到首发，实物上手更是惊艳，后盖非常非常好看，副屏和摄像头的布置也更协调，同时副屏也更具可玩性。内屏看电影追剧适配性非常好没有大黑边，全屏显示很震撼，愉快的购物体验！
20539580051,5,还没到手就心急难耐了，颜值非常好，非常喜欢。无线快充，防水，3倍长焦，卫星短信都有。然后铰链和折痕控制的也不错。下一部手机一定还买华为，遥遥领先！
20531192894,5,闪闪发光的新手机终于到手了！！发售第一天第一时间京东抢到的！今天早晨京东小哥给送来的，第一时间开箱，太激动了，手机手感非常好！流畅丝滑，华为一如既往的优秀！新手机用起来了！！
20539978027,5,华为9000S的芯片很好，非常流畅;外观太好看了，老婆非常喜欢;拍照功能很优秀，自拍非常方便。折叠屏还能这么平整也只有华为能做到了！
20529580233,5,第一批就抢到啦，遥遥领先👍支持国货，支持华为！颜色外观质感都超赞！灵敏度高！屏幕折叠也可以接听电话！半小时电量从20％充到了100％！还送了透明保护壳！😁大爱！
20535617594,5,收到货了，老婆很喜欢，爱不释手，就当三八节和生日礼物了，。我自己一直用华为手机，媳妇也强烈要求也不用苹果了，希望华为产品越来越好，下次换车也考虑问界系列吧，抓紧赚钱
20533908539,5,"外形外观：大溪地灰很好看，比发布会上的强很多，大小很适合女生抓握

其他特色：屏幕折痕真的很小，明显比其他品牌的折痕小很多

自拍和检测功能很好用，很不错的一款产品。"
20567401592,5,还是更喜欢洛可可白太喜欢了，折痕几乎看不到，荧光摄影的能力和紫外线防晒检测功能大爱啊。第一次使用华为手机果然没让我失望。
20534490549,5,这这这也太好看了，买这个给我媳妇用，哈哈，大溪地灰，这颜色真上头，我是个华为忠实粉丝，之前老婆用的苹果，看到这手机直接换华为，加油华为，努力，努力，再努力
20541667472,5,华为手机非常棒，新出的大溪地灰这个颜色很漂亮。手机运行流畅，外观设计精美大方，前面的小屏幕是个亮点。
20535840944,5,这个手机真的是超级好看，尤其是贝壳里面有大溪地珍珠的灰调紫调混杂一些金色在阳光下分外美丽，而且使用了两天折痕非常完美大小合适电量感觉也还是不错的。小巧可爱，超级喜欢。
20533858141,5,今天上午发的货，下午就收到了。之前没看过实物，作为华为的忠粉，相信华为的能力和品质。质感很好，拍照效果也不错。关键小巧好拿好放
20543590278,5,物超所值，商品设计完美，外观也很高大上，温润如玉让人爱不释手。客服更是热情的没话说，这次购物很满意，东西超好，也很好看
20533034586,5,手机非常棒，照相特别清晰，屏幕也是完美无瑕，用起来也很流畅，主要是物流速度真的超级快，同时间预售的，东东是到得最快的，品相完美，真不愧是国货之光，而且还是自己抢到的，送给老婆，老婆非常喜欢
20541741914,5,作为给媳妇的礼物，她非常喜欢，她说很好看，她很喜欢。新的大溪地灰配色非常夺人眼球，预售第一天就抢购了，经过几天的等待，今天终于拿到手了，绝对好评
20533893104,5,发布会就种草了，开售就给老婆抢一个，不容易啊。华为老用户，这回把老婆也从苹果转华为了。手机很好，运行流畅，拍照也OK，洛可可白很美～
20548971712,5,非常好，关注了很久终于入手，上手很惊艳，是想要的效果，背后的图案有流动的感觉，栩栩如生，机器行呢也非常完美！总结，超出预想的完美！
20549397545,5,手机挺好用的，艺术版本也非常漂亮。果粉转华为毫无压力。慢慢开发新的功能，希望华为手机越做越好。👍🏻
20589212761,5,"外形外观：外观流畅美观，超级漂亮，每一款都是独一无二的
屏幕音效：屏幕完全没有折痕，太牛了，超喜欢华为的各种黑科技，音效也很棒
拍照效果：拍照很棒，色彩还原度很高，照片不失真
运行速度：运行流畅12+512完全满足日常需要了
待机时间：待机一整天，很赞
其他特色：快递给力，发货到收货只用了一天，紫外线检测太牛了，很适合老婆用"
20664179719,5,"华为手机我们全家一直用着，一切都OK。新出的手机给老婆换个，非常喜欢。
外形外观：喜欢可以折叠效果，收到后一切的担忧发现都是多余的。就不细讲了哈。
运行速度：快
拍照效果：杠杠滴。
屏幕音效：杠杠滴。
待机时间：充满电两天了还有30多，偶尔的刷视频哈。"
20537645037,5,"作为一名消费者，我有幸使用了华为Proket2这款手机，下面我将分享我的使用体验。

首先，我要说的是，华为Proket2的外观设计非常出色。它采用了时尚的全面屏设计，给人一种高端大气的感觉。同时，它的机身材质也非常考究，给人一种非常舒适的触感。

在使用过程中，我发现华为Proket2的性能非常强大。它搭载了华为自家的麒麟芯片，运行速度非常快，无论是日常使用还是玩大型游戏，都能流畅运行。同时，它的电池续航能力也非常出色，即使在重度使用的情况下，也能保证一天的正常使用。

此外，华为Proket2还配备了一系列的智能功能，比如AI拍照、智能语音助手等，这些功能使得手机的使用体验更加便捷和高效。

总的来说，华为Proket2是一款非常出色的手机，它无论是在性能、外观还是功能方面都表现得非常出色。我非常推荐这款手机给那些追求高品质手机的消费者。同时，我也希望华为能够继续保持在手机领域的领先地位，为我们带来更多优秀的产品。

购物评价:我强烈推荐华为Proket2给那些需要一款性能出色、外观时尚、功能丰富的手机的消费者。它绝对是你值得拥有的一款手机。"
20572587166,5,华为新款 Pocket2小折叠太可爱了，折痕处理技术很超越，大溪地灰的颜色给人一种高级感非常好看，屏幕色彩也很清晰，拍照清晰度高、录像也很棒，续航和充电能力都不错，一直用的都是华为手机，这次 mate 40再换到小折叠感觉还真不一样，手机质感很好，支持国产支持华为。老婆一直很喜欢华为这种小折叠，很适合女人使用。这次出了就入手更新换代。发货速度很快，开箱后感觉很惊艳，珍珠外观非常吸睛出彩，比一代要薄，做工更精致，显示效果更好，而且折痕会谈一些。和华为其他高端产品相比，前面的手机相机相对没有这么强，但是这个的相机进步很明显。这样的购物体验很满意，期待华为后续的产品。
20571653795,5,内屏看电影追剧适配性非常好没有大黑边，全屏显示很震撼，愉快的购物体验！它采用了时尚的折叠设计，不仅让手机看起来更加精致，而且也方便了用户在不同场景下的使用。此外，手机的拍照功能也让我印象深刻。苹果十年用户受够了挤牙膏，换了一年索尼卡的不要不要的，一直在等华为出这样一款高颜值，高流畅，高性能的手机，还是折叠，拍照效果出奇的好，完全不输索尼效果，零件是好零件，真的得在华为手里才能发挥出极致水平！配备了高像素的摄像头，无论是在光线充足的环境下还是在暗光环境下，都能拍出清晰、细腻的照片。屏幕音效：舒适且自然，老妈更喜欢平面，字更大。
20528521906,5,遥遥领先，非常漂亮的一台手机，功能强大，支持国货，手机响应速度快，一直使用华为手机，资料传输方便，还没使用紫外线新的功能，把玩系数直线上升
20572972165,5,洛可可白哦，非常幸运抢到了老婆喜欢的颜色，到货很快，华为手机也突然支楞起来了，手机性能就不多说了，某音某手上都有。这个是送老婆的女神节礼物，老婆大人收到后很开心，从苹果换到华为，很多东西都要学习一下，老婆大人乐此不疲，后院稳妥，才能更好的挣钱
20535318477,5,第一时间入手8999顶配版，收到手机了，送老婆的生日礼物，老婆非常喜欢，早上六点发货，晚上就收到了，物流速度非常快，洛可可白的花纹大爱❤，手机颜值没得说，只能喊一句:遥遥领先！这才是国产高端旗舰！！！支持国货！！！
20555286860,5,第三批抢到的，非常幸运抢到了老婆喜欢的颜色，到货很快，华为手机也突然支楞起来了，手机性能就不多说了，某音某手上都有。这个是送老婆的女神节礼物，老婆大人收到后很开心，从苹果换到华为，很多东西都要学习一下，老婆大人乐此不疲🤭后院稳妥才能更好的挣钱，加油👍
20678112264,5,遥遥领先，质感相当好，手感也不重，折痕不是很明显，蹲了几天买到了，还没满月就出来营业了😅，家里基本都换成华为了，好评好评！
20569762252,5,真心喜欢，颜色、款式都非常棒！性价比高，我很喜欢，下次还会光临宝贝收到了，太惊喜了，质量非常好，性价比很高，真是出乎我的意料！华为手机就是颜值担当，外观漂亮，适合女生！
20684666860,5,以旧换新：用苹果13promax换的这个，以前一直用苹果，这回想支持国货一次，果断把苹果卖了以后换新，手机很好看，超出预期效果，相信华为
20531509081,5,终于等到了。。。上市第二天抢到的，太激动了。颜值与硬件都很出众。喜欢背小包包以前都只有把手机捏手上，现在都解决了
20528434175,5,物流很快，包装完好，快递小哥很热情，手机很满意，功能很强大，遥遥领先，遥遥领先，遥遥领先，华为太牛了！
20540156675,5,今天是个好日子，我的porcket2终于收到啦，第一时间打开，真的好惊艳！非常喜欢，😚会有很好的体验！
20676624737,5,"我记得刚参加工作的时候第一台手机就是华为的触屏机（具体型号忘记了），那时候是用自己的工资买的，很骄傲很踏实。现在已经过去10年有余，华为的科技进步让我敬佩也惊叹。我从来没有那么喜欢过一台手机，对于pocket2的爱真的无可比拟。从它的外观做工款式都长在我的心尖上，搭载着鸿蒙系统，用起来更畅通无阻，也很符合我个人的使用习惯。这次比较特别的地方是最得我心&amp;mdash;&amp;mdash;那就是外屏，它竟然可以用微信读书和冥想，不用每次都打开内屏。
对于这次的购物体验，心情就像坐过山车一样，每天准时抢购都抢不了，突然有一天下午，随意点开，没想到就买到了，真是意外之喜。直到最后收到这台机子，上手之后真的爱不释手，小巧可爱又好用，拍摄清晰，足够日常使用了。电池虽然一天两充，但完全不影响我对它的喜爱，折痕更不用提，超级平整！！这个商品的性能真是令人惊喜！质量上乘，使用起来非常顺手。卖家的服务态度也很好，及时回复我的问题，并解决了我的疑惑。"
20650106976,5,跟着看了发布会之后过来抢的，这个展开真的没有凹槽，背面也超级漂亮，作为pocket50的老用户，用的很顺手，等新款等了好久，终于等到了，还是果断选了这个设计，携带方便，本身很轻，颜值也高，内存也不用谨小慎微的省着用了，就是牺牲了些电池的存储量，希望下一代电池可以继续提升，会一如既往的支持
20532003016,5,以旧换新：刚拿到手，手感不错，白色的比想象的好看，大小合适，是我想要的款式。闲置旧的P40抵了900多
20542133783,5,和老婆一直用苹果的生态，家里智能设备也都是，为了支持国产手机，准备慢慢生态换成华为，而且pocket2 真的很好看，正好老婆该换新机了，果断蹲点拿下。唯一不开心的就是开盲盒有点掉链子，有一坨金色，但是整体很喜欢！
20543465971,5,预售的时候抢了两个，一个白色一个艺术版，后来去实体店看了实物，果断留下了艺术版。虽然艺术版多等了几天，可是从包装到实物都是满满的惊喜，镂空包装盒外加卡片心意满满，实物也很惊艳，肉眼3D效果满满，内屏折痕较轻，几乎无痕，后期痕迹有待使用。
20555959264,5,"外形外观：外观设计感十足，时尚有质感
屏幕音效：屏幕开启顺滑，没有折痕
拍照效果：其他还没试，但是色彩还原准确，特别清晰细腻
运行速度：操作流畅"
20541757082,5,"从新换回了华为生态，以后再也不换水果牌手机了，支持国产，小折叠太好看了，背壳盲盒开箱，觉得不错，华为的设计越来越在线，不吹不黑，只希望国产越来越好。
外形外观：外形外观：这个外观十分好评都不为过 
屏幕音效：折叠的痕迹很小，不是完全看不见
拍照效果：拍照完美，自己不是专业摄影的，不懂专业的东西，就是自己看着舒服
运行速度：解锁很快，运行流畅
待机时间：电池比水果不是强一点半点
其他特色：指纹录入新体验了，好评"
20594132529,5,"抽到一个比心 后背的图案好看些 贴了镜头和相机膜
一天充一次电我用是欧克的
屏幕也有折痕 
第一次用华为 这几天感觉还可以"
20539721659,5,对比了苹果15pro max，坚定选择pocket 2并成为花粉，时尚，可以当手提包，大屏，信号强过苹果n倍，小屏显示类似灵动岛，后置摄影拍照自然美颜，适合女生，大溪地颜色太美，苹果同样价格可买它更大内存，女生首选
20541255986,5,"好多代华为手机使用者，第一次买折叠屏
颜值担当
技术担当
支持国货
希望6G时代继续领先
外形外观：颜值爆表
运行速度：流畅"
20541915030,5,"对象等了好久的小折叠，千呼万唤始出来
下单后没立即发货，跑到店里去拿的1TB版本，颜值高，背面每个手机花纹不一样，设计巧妙，电子宠物的功能不错，有种回到小时候的感觉"
20553335827,5,"这款小折叠屏第一次拿在我的手里，可以说是非常轻薄，对于用惯了大折叠屏的人来说，一下让你用上一款小折叠屏，突然感觉到画风突变，显得有一些&ldquo;可爱&rdquo;，不过这款小折叠屏对我来说却正合我意。
华为pocket2艺术定制版和普通版的主要区别在于外观设计和一些附加功能。具体来说，艺术定制版采用了独家工艺，呈现出裸眼3D的视觉效果，机身采用了第二代昆仑玻璃，抗跌落能力更强，整机耐摔能力提升了20倍。此外，艺术定制版还有专属定制版礼盒，附带有专属保护壳、超级快充充电器等配件。而普通版机型则采用一体同色工艺，没有这些附加功能和特色设计。"
20605367573,5,"手机的外观设计非常时尚，线条流畅，手感舒适。屏幕大小适中，分辨率高，无论是浏览网页还是观看视频，都能提供出色的视觉体验。
手机的拍照功能也让我印象深刻。摄像头清晰，色彩还原度高，无论是在光线充足还是光线较暗的环境下，都能拍出高质量的照片"
20684133055,5,心心念念的华为pocket2终于到手了，颜值没得说，白色清爽又可爱，满满少女心。。。折痕也还好，可以接受。
20558923135,5,手机小巧美丽 。色彩绚丽，就是价格好贵。目前使用状态还不错，充电超级快。使用感好。喜欢的妹子冲。就是京东现在的服务真是让人堪忧，手机黑我仍在地上。差点把我气死。还要我下楼来拿？打电话催了才送，差点把我送走！
20541237016,5,"手机颜值真的很高，尤其是大溪地灰色。第一眼就喜欢上了。虽然是第一次用折叠屏，但是我对华为是有信心的。期待后续的使用。而且真的不好抢，抢了好几次才抢到。京东快递的运送也很快。
好吧，我就是承认我是为了前500名的赠礼来的。店家看到记得给我哟，如果可以的话。
还有就是，因为灯光原因，拍出来有点黄。因为家里的光基本上是黄色的暖光"
20542001260,5,抢了几天，终于到手，还是京东到货快。送货外包装一般般，好在手机不错。新颜色很漂亮，从上学就一直在用，见证了华为的变迁。
20560530133,5,终于拿到心心念念的手机了，等待的过程是心急的，拿到手里才开心踏实了。第一次买这么贵的手机，希望能用久一点。现在看起来各项都满意，一直是华为的铁粉，会一直支持下去。
20535165739,5,心心念念一周，终于收到，和实体店看到的一样，屏幕边上有一圈黑色的框，中间脚链的地方有一点点凸起，总体满意
20591904503,5,"以旧换新：没使用不知道。
外形外观：确实比较好看，针对女的，男的觉得也就那样，价格是真贵啊。贵的离谱了
屏幕音效：还不错很好看。
拍照效果：可以的就是这个是艺术品，真不适合当手机，当个包吧。"
20567730597,5,非常精致的小折叠屏手机，外观颜值漂亮，整机小巧轻便方便携带，随便放衣袋都可以。这手机定位是高端时尚女性，创新的测肤功能比较新鲜。内外屏设计可以协助自拍。艺术版除了外观，比普通版多赠送一个白色的皮手机壳，以及40w的小充电头。唯一缺点就是默认的蓝梦主题太难看了，配不上艺术版。
20625140559,5,"新款pocket 2颜色漂亮，工艺更新，特别是绞链平整，比一代pocket s顺眼多了。第一时间预约，没货，等的焦急，终于提示预约有货，立即付款，又等了几天才发货。
以旧换新：使用京东以旧换新，用一代换二代。支持华为手机。国货之光。"
20535922862,5,京东以旧换新活动真不错，把两个旧手机抵了，换了心心念念的小折叠，虽然其中一个旧手机因为电池的原因补了290，但是有京东的补贴，还是相对很划算的，推荐大家考虑以旧换新的活动哦。新手机太美了，纹理每一款都不一样，专属于自己的，拍照很自然，折痕基本没有，外屏圆圆的很可爱，本来很希望新品出来外屏升级大一点的，但是那样就没有华为的特色了，不是吗？总之，等了半年的手机，没有白等，很满意！姐妹们，冲！
20537106970,5,"给女生买的手机终于到了，女神莞尔一笑，值了。
对了，大家买保护壳注意不要软壳容易脱落，绳子也要注意牢固哟"
20536434383,5,这款华为手机真不错，折叠的，鸿蒙系统速度快，收到货还没有用，看着挺不错的哦，支持国货支持华为，全家人都在用华为手机及平板电脑，希望华为再接再厉，把质量再提高！还会继续关注回购的哦！京东自营物流不错点赞👍👍👍
20531017461,5,终于拿到了，太喜欢华为的手机了，遥遥领先！第一代就买了，这终于出二代了肯定马上入手，运气也好第一时间抢到了！
20631934139,5,很喜欢，不光比X2轻了很多，使用起来也更方便了。真心推荐不追求游戏体验的人用这款小巧的手机，一下子用几年起步，其实价格并不贵。
20547916452,5,华为pocket2真的是物超所值，更高的配置，更低的价格，更好的技术。颜值也是超赞，白色的也是超好看，媳妇儿很喜欢。
20587880674,5,使用了几天，轻巧，最主要颜值满分，而且非常方便携带。最最主要的是成功链接国产品牌，支持国产，国产加油！遥遥领先！
20542573272,5,物超所值，商品设计完美，外观也很高大上，让人爱不释手。客服更是热情的没话说，这次购物很满意，东西超好，也很好看
20529960069,5,非常漂亮，送老婆的老婆非常喜欢，女生必备，颜值超高，运行飞快支持华为没毛病，拍照效果非常棒，得把刚好
20619890997,5,在京东上预订的pocket 2终于到了 大概等了4天， 不管是商家还是客服 服务态度那是没的说 自己也是心心念念的很久 期待它的使用表现 支持国产 支持华为 为祖国点赞！
20583497439,5,外观没得说确实很漂亮，用了几天高强度使用耗电确实快不过目前的手机感觉都是这样，轻度小游戏也还可以，摄像头附近用久了会有发热。
20625452537,5,用了4天了，整体还是很不错的，很漂亮，也很喜欢！没有折印，不打游戏，就是接打电话，待机还可以，像素的话没有我mate的好
20617776870,5,"外形外观：颜值满分，没有女孩子能抗拒这样的折叠屏

拍照效果：拍照清晰，色彩好看

运行速度：流畅，内存大"
20543861419,5,老婆平时非常的辛苦。这一次给他换了华为的手机算是成功的把他从苹果的手里直接转变为华为用户了。以前的手机一直存在着一个屏幕过宽过大的问题，这是换了小折叠屏满足了他这方面的需求。另外一个外观非常的好看，携带也比较方便便携近性能比较强。第3个就是折叠的地方不仔细看基本上感受不到折叠的痕迹。
20528695382,5,"这次配货还挺快，没有等太久。512G的啥时候有货啊？感觉512的性价比更高一些。
多快好省，选京东。"
20584558293,5,"很喜欢，一出来就想入手的啦啦啦啦，看起来也超级好看，功能也还不错，
外形外观：完美，超级漂亮
屏幕音效：屏幕很OK的啦，声音放歌也还可以
拍照效果：拍照的话自拍一级棒！"
20530481656,5,手机很不错，相比第一代提升不少，去店里体验觉得不错，果断下单，适合女生用，颜值、体验都不错，送老婆礼物
20583748291,5,拿到手机了终于，好惊喜，这种口袋手机太适合办公了，拿着也不占地方，不需要的时候折叠就可以啦，用起来很流畅，内存也很大，可以一直用，颜值也很高呀，很喜欢，继续支持华为，目前充电时长很快，运行速度嗖嗖的！
20602639068,5,我承认一开始就是因为它是折叠片而买的。但是到了之后发现它真的很好看。充电速度快。待机时间长。外屏还有可爱的宠物。网速真的很快。
20534939983,5,第一部华为手机献给HUAWEI pocket2！对女孩子来说太友好了！可以检测防晒值还有小镜子！而且操作也顺滑，这个折痕可以说是微乎其微了！华为赞！我要买很多好看的壳子来搭配她！祝愿我们的祖国繁荣昌盛！越来越好！
20535131106,5,"等了一周多到货。
外观真的太好看了，很有质感。
展开非常平整，常常忘记是个折叠屏。
本身不怎么用手机打游戏看视频，所以对性能、散热、电池要求没那么高，够用了"
20535071981,5,好看，非常好看。拿在手里是有点重量的，翻折也有明显的阻尼感。本来不想换手机，看了新品发布会立马心动了，买！
20563305663,5,"惊艳！绝对惊艳！小折叠屏的精典，技术遥遥领先，遥遥领先！
外形外观：独特精典！
屏幕音效：绝无仅有！
拍照效果：绝对精彩！"
20532885016,5,开盲盒成功，背壳像戴珍珠耳环的少女，灰色很好看，金线自然流畅。充电器是双口，66w笔记本可以通用，配合华为的手表和耳机能满足使用。拍照优化得不错，比较自然的人像美化。
20551930264,5,"给老婆买的，很喜欢，
外形外观：外观很漂亮，老婆一眼看中，我也比较喜欢；
拍照效果：拍照功能强大，功能也比较多，荧光功能很好用；
运行速度：运营速度杠杠的；
屏幕音效：屏幕分辨和刷新也不错，音质挺好的。
go go go无脑冲"
20720032628,3,大溪地灰颜色是目前看起来最好看的，男生用起来比较大气！外观整体还不错，对称小屏也挺好看，只是外屏太小，功能不是太多。理性来看的话，处理器一般，只能说日常使用没问题，是华子目前靠前的处理器了。拍照也一般，小折叠目前普遍情况了。续航方面，是小折叠中比较大电池了，好评！导航的时候，悬停状态就好，干掉了手机支架。折痕方面，在体验店看的时候很平整，自己这台感觉没那么平整，不知道是心里作用还是啥原因，用空再去比对一下。总之，这个价位，算不上太突出。
20537318812,5,一眼爱万年啊，简直不要太好看。换机过程只有通讯录，相册顺利导入，鸿蒙系统没法直接导入旧机软件。手感非常棒，下载软件非常的迅速，基本3秒下载安装完成。
20614719332,5,新品出来后就立即排队等待下单了，送给媳妇的礼物。快递非常给力，打开包装后，非常惊艳的洛可可白，很喜欢，开机后鸿蒙的系统非常丝滑，折叠的感觉也很顺滑。
20561730544,5,之前用过p50pocket，所以上手pocket2能够很明显地感觉到各方面的进步，折痕从侧面能够看出一些，正面完全看不出来，玩手机的时候甚至都忘了它是个折叠屏，完全是直板屏的感觉。信号也比之前好了很多，外屏的萌宠超可爱！总体来说超级满意！洛可可白很漂亮，开出的盲盒也满意，三八节当天收到，给自己最好的礼物~
20595437549,5,手机收到了，非常好。外壳颜值非常高，辨识度也非常高，质感非常好；折叠起来很好收纳，外屏放个小宠物很可爱；折痕面非常平整，亮屏的时候根本看不出来；鸿蒙系统也很流畅，拍照解析度很高，非常实用，十分的推荐。
20568702130,5,刚收到这个手机是很惊艳的，手感也是很好，质感在同类型产品中算天花板，反应也是快，折痕不能说完全没有，但是效果看起来基本看不出，小镜头真的很赞，像化妆镜一样，女生估计真的爱不释手，很不错的手机，值得拥有！
20553675826,5,外观比较惊艳，颠覆了传统手机样式儿，性能出色，运行很流畅，折痕做的很不错，很浅一道，不仔细看不出来，照相很棒，非常满意，好评
20554046429,5,外观好看，质感好，屏幕打开的时候有点折横，过一会就看不到了，真的挺神奇的，充电速度很快，用起来很顺畅，一点不卡顿，后续再体验其它功能，现在比较满意
20529433957,5,"外形外观：非常满意，握持感好，折痕几乎没有
拍照效果：那是相当哇塞超乎想象
运行速度：安卓还得大内存，运行效率快打游戏也不怕

背板独一无二符合我的喜欢纹路，超乎想象的升级
值得入手。"
20545293517,5,"外形外观：非常完美，好看极了！
屏幕音效：屏幕很棒，音效完美！
拍照效果：拍照清晰，色调美丽！
运行速度：非常流畅，速度很快！
华为的手机真的很让人惊艳，以后还会继续支持！"
20535894359,5,机器很漂亮，外观精巧，样式时尚。拍照功能很棒，颜色还原度高，拍的照片很真实！手机重量适合，手感非常好！充电速度、数据传输都很快，很心仪的一款手机！
20536045149,5,"第一天就抢到了入手8999顶配版，送老婆的三八节礼物，洛可可白的花纹大爱❤，开盲盒的感觉，每部都不一样，原装送了透明壳，折叠无痕。紫外线检测妇女之友，折叠后和小香特别配
外形外观：独一无二的花纹，时尚单品"
20565071320,5,pocket2洛可可白果然这么热门 一看就长到女士们的心疤上了 在一成不变的直板机看的审美疲劳后，简直成了时尚潮流之。很幸运这块能抢到，几天就收到了。家里领导很喜欢，后面就由她自选各种时尚手机壳，变成各类百变时尚单品了。
20583797288,5,迫不及待的打开时就用了，开开第一眼我就惊艳了，太漂亮了，系统也是非常流畅，各种软件运行无压力，最惊艳的是拍照功能，真是清晰，拍出来的人物和景色无敌好看。
20614881177,5,"华为pocket新款，样式很好，折叠起来挺小巧的，音视频都很清晰，整体很不错。
待机时间：挺久的
运行速度：还不错
拍照效果：很清晰
屏幕音效：非常完美
外形外观：符合个人审美"
20538641371,5,收到手机打开一看特别好看。质感特别好，拿在手里很有分量，大溪地灰很高级，每个图案都是独一无二的。而且新款折痕也不明显。画质也很清晰，总之很好用。特别喜欢！
20621642708,5,"感觉实物比图片更好看，价格和质量成正比，这次购物非常满意，喜欢的宝宝赶紧下手
非常好，宝贝很高大上，质量很好，看上去就给人一种高级感，价格也合适，这次网购很愉快，大赞👍"
20560346932,5,手机的外观设计非常时尚，线条流畅，手感舒适。屏幕大小适中，分辨率高，出色的视觉体验。1T大容量内存云都省了，手机运行速度非常快，手机的拍照功能也让我印象深刻。高像素的摄像头，无论是在光线充足的环境下还是在暗光环境下，都能拍出清晰、各个方面都表现得相当出色，无论是性能、外观还是拍照功能，我强烈推荐给大家，特别是那些注重手机性能和拍照效果的用户！
20535980564,5,大溪地灰真的好看  透露出高级感  握持感棒棒  展开手机整个屏幕折横都没有 遥遥领先  运行流畅  爱了爱了
20569048133,5,心心念念的pocket2终于到货了，第一眼真的很惊艳，太漂亮了。目前短暂使用下来，觉得流畅性很好，很多操作也很人性化，拍照也挺不错，喜欢😍
20611323545,5,老婆一眼就相中了洛可可白，等了很久终于到了，手感很赞，拍照效果很好，打开后从正面看完全看不出有折横，机身大小也是正合适女士使用，非常满意🥰🥰
20658410103,5,整机很好看，折叠位置基本没什么痕迹，不影响使用，使用感受很不错，耗电也没有特别快，现在用着挺好的，老婆很喜欢，适合女生使用
20621081581,5,"拍照效果：非常好用。
运行速度：很快。
其他特色：折叠，外屏很有趣。可以显示夜光珍珠。容易找到手机
屏幕音效：显示效果好。
外形外观：非常个性。容易辨别"
20569715472,5,等了一周左右，终于到货！第一眼就是感觉很高级。这款小折叠真是准准的戳中了女孩子的心窝子，别说什么参数跑分，就跟爱马仕一样，要的就是这种高级的设计感。而且折痕控制的非常好，手感超级棒。老婆很喜欢！
20585333282,5,外观颜值在线，非常大气的颜色大溪地灰带一丝低调的金色，手机背面更是独一无二，手感很好折叠几乎看不到痕迹，系统运行很流畅，拍照效果很出色，像素很清晰送给老婆的礼物老婆很开心
20554003721,5,充电头强👍，屏幕清亮，很高兴选了这个背壳，很符合我的感觉，比第一代外屏大，速度快，拍照如图好高清，赞，而且值得一提这次配送超快👍👍👍
20565928742,5,"外形外观：外形太好看了  折叠起来很小 折痕黑屏是可以看到 但可以接受 做工真的很好
屏幕音效：屏幕亮度高 色彩也很好
拍照效果：拍照广角和长焦也很出色
系统流畅度也很好 用起来很丝滑 老婆很喜欢 机器确实适合女性群体使用 时尚小巧 放口袋里不占地"
20536064453,5,运气不错，竟然抢到了，实物非常好，老婆收到很满意，白色花纹很好，特别是信号很满意，开机后折痕基本看不出了，拍照效果也很好，各方面都非常满意
20607149571,5,真是抢了好久才抢到的，买来送给老公的，一个惊喜，非常喜欢，颜色，大小都非常好，手机打开以后平整度也很好，运行流畅，音质也不错，拍照有改善，非常满意。
20549842994,5,大溪地灰真的是绝了，高级又有质感，大老爷们看着也想要阿。屏幕折痕真的是做到很好了，在黑色背景特定光线下才能看出折痕，正常使用可以忽略不计了。
20536608674,5,折叠屏的折痕很轻微，几乎看不出来。选的大溪地灰色很耐看。尤其配上合作款手机壳，越看越喜欢。外屏小动物跳来跳去，可爱。
20559755414,5,买了1T内存的大溪地灰，之前就想买小的折叠屏，夏天衣服口袋小，包包也小，现在手机越做越大，携带不方便。第一代的时候怕技术不成熟，出了2代就买了。颜色很好看。
20581095544,5,超薄机身，小巧方便，颜值担当，收到货迫不及待打开装上卡已使用，洛可可白色就是漂亮，外观大气，简介大方，运行速度快，内存容量大，手感超级舒服！值得推荐
20559186957,5,刚好做活动，以旧换新的补贴很多，性价比超高，真的特别划算。到货速度也比较快，三天送到的。买了爱回收的碎屏险，价格不便宜啊。
20553004605,5,"外形外观：外形外观非常时尚
屏幕音效：屏幕嘎嘎好用
拍照效果：拍照清晰，分辨率高
运行速度：鸿蒙系统没的说
待机时间：一天完全没有问题
其他特色：华为就是遥遥领先"
20535905863,5,遥遥领先，遥遥领先~手机折痕很轻，大溪地灰也很好看，整体很赞，支持国货，支持华为~手机质感杠杠的，没毛病！
20530899348,5,华为新折叠片手机这次首发就买到了，外观很好看！大溪地灰颜色很赞！很有质感，手机重量很轻 手感不错！华为加油！
20562676673,5,小巧玲珑，送给老婆的，说的很喜欢，拍照技术很清楚，外观简约大方，重量还轻，手感很好，还有一点，支持国货，支持国货😀😀😀😀
20561162250,5,本来说25号才发货，没有到提前了很多天，今天下午就收到，非常惊喜！手感非常好，拍照效果很好，大小合适，外观设计非常漂亮，老婆很是喜欢，还没有插卡，用后再来评价
20569128790,5,"安卓机就是牛
苹果换安卓，nfc太方便了，还有很多黑科技，反向充电，华为打印，智感支付都超级方便，整体使用都很流畅，续航能力也不错，用了一周目前看屏幕没什么折痕而且整体体验就是比苹果方便很多，办公功能特别多。"
20541867234,5,"运行速度:畅快拍照效果清晰续航能力:很好
华为Pocket 2遥遥领先，搭载最新鸿蒙OS 4.0系统，全场景智慧生活生态圈，外形时尚，设计惊讶，做工精致，而且超薄，握感很舒服，几乎没有折痕，屏幕流畅性和通透性表现非常出色，镜头支持3倍光学变焦，在华为XMAGE全焦段影像系统的加持下，轻易拍出各种大片，支持双向北斗卫星消息，总之从外观设计、性能、相机还是续航，都一步到位，让人爱不释手，支持华为。"
20531653251,5,"遥遥领先的华为，拿到手给三星小折叠的用户看了看，得到肯定。
华为Poke尔的外观设计十分惊艳十分超薄折叠屏折痕十分享十分满意
拿来手里确实有一种艺术品的感觉爱不释手。性能也十分够用，无论是电池还是内存和处理器响应十分迅速比之前的iPhone 11快很多。本人基本不怎么玩游戏，对性能可能要求不高，但是日常使用十分充足而且值得一说的是十分不环保的送了充电头充电线还有手机壳某些水果厂商好好看看学习一下吧"
20549436630,5,"关注华为很久了，这次出了新的pocket，在开售第一天就抢购成功，也很快到货了，给京东服务点赞！
外观：丝滑，手感极佳
屏幕：丝毫无折痕感
拍照：自带美颜感
续航：搭配66W快充
真好，支持华为！"
20615282497,5,哈哈哈非常喜欢小巧玲珑精致漂亮、家里人很喜欢很适合这个是华为的第三台手机了，信号网络系统都非常满意！期待华为更多更好的手机产品！！！
20565518877,5,手机非常的好。整体非常的不错。手感特别多好。手机花纹太好看了。华为一如既往的好。太喜欢这款手机了。爱了爱了。手机性能各方面都非常的不错。
20539200857,5,终于抢到了1T版本，物流也很快，比预想的早了很多，拿到手上手感非常好！屏幕清晰，运行流畅，照相也很清楚！第一次用折叠屏，折痕很浅，几乎看不出来！非常出乎意料！很不错的选择
20605951586,5,华为这款手机真的是女性的福利，手机很好看就是没有抢到白色款有点遗憾，不过这个色也很好看表面光滑像大理石表层很高级，其次就是折叠起来小巧方便携带装在口袋正好，很喜欢不错的一款手机，功能也很齐全很不错
20536959034,5,外观颜值高，大溪地灰的颜色太有辨识度了，很适合女生的小折叠。脚链设计完美，内屏真的很平整，折痕控制也很好，系统流畅。
20539012701,5,"外形外观：漂亮
拍照效果：值得拥有
运行速度：华为速度
其他特色：颜色真实惊艳了，满满科技感，屏幕痕迹几乎没有"
20535963761,5,这款新手机颜值很高，手感不错，屏幕中间的折痕也很小，老婆比较喜欢，家里基本都用的华为，不错遥遥邻先😄
20561970439,5,这款手机从还没上市就看上了，因为是折叠的一直在犹豫，后面听说这款手机做了升级，架不住喜欢它的颜值果断入手，上午下单，下午就收到了👍无论是外观还是使用体验都很好
20583087164,5,"外形外观：外观非常好看，主打就是外观，白色真的非常好看
运行速度：麒麟芯片配上鸿蒙系统体验还是不错的
其他特色：折叠屏幕很好，折痕小不明显，原价买到很合适"
20545558473,5,华为pocket2，是华为又一杰作！mate60系列还在火热售卖中，又出来这么一个吸睛的宝贝！看她的第一眼就爱上了！马马订了一台！漫长的等待之后终于&hellip;&hellip;收到了！这一代折痕几乎不明显，比上一代提升不少。多了美肤检测功能，外屏互动等！颜值担当！外观大理石纹路简直不要太好看！搭载麒麟9000S芯片，跟鸿蒙系统完美匹配！强！遥遥领先！支持华为！
20569551375,5,"1，首先说外观，质感真的好，拿到手里真像一件艺术品，光滑圆润。
2，200多个G的资料从旧手机导入新手机，一个小时多一点，传输速度太顶了。
3，玩了一下午，比我的p40pro性能有明显提升，👌很满意。
4，支持华为，希望接下来能提供更好的软件更新支持，功能更强大，使用更便捷。"
20559517324,5,非常好看，太适合女生用了，融化了少女心。用华为很多年了，包括我的笔记本电脑，华为的品质也一向值得信赖，性能好，方便好用。总之，这是一次非常满意的购物。
20602305756,5,结婚纪念日送给老婆的礼物，老婆非常满意，从苹果粉转华为了。特别是颜值真的很时尚独特，小女生非常适合。各种拍照功能，防晒度检测，摸鱼利器，黑科技加持。猛加分！
20616994367,5,华为 Pocket 2 超平整超可靠  12GB+512GB 洛可可白 华为今年年初新上市的手机，双卡双待，华为折叠屏鸿蒙手机，三防标准高，照相功能很强，全焦段XMAGE四摄，很好用的手机。京东物流给力，送货到家，好评！
20565614998,5,满满氛围感的一款手机，精巧典雅。最担心的折痕问题，却在打开后的瞬间给出了无懈可击的答案。充电的速度可以和画个妆的速度相企及。萌宠逗逗淘气又可爱。只要是女性，无法抵挡的一款手机。
20529952524,5,"外形外观：好看，这个大溪地灰真的好看

屏幕音效：屏没折痕，不愧是遥遥领先！！！
拍照效果：拍照很不错，前面小的也可以拍

运行速度：运行挺流畅的不错"
20619837997,5,国货精品，质量上乘，质感丝滑，让人爱不释手。系统很人性化，用着很舒服，特别是拿在手上尺寸很合适。很喜欢这个颜色，有些商务风，大理石纹路的，真棒👍🏻
20550087407,5,外观绝对是目前最拉风的，手感真的很好，只是真心不便宜啊，千万别碎，碎不起啊哥😂看网上说装了壳影响充电，这个情况亲测确实有，希望后面能给人们弥补下，赶紧克隆数据用起来吧
20529483772,5,京东物流很快，发售第一时间就拿到了pocket2，大溪地灰太高级太好看了，pocket折叠起来小小的装兜里也不占地方，屏幕折痕真的很不明显，紫外线功能太实用了，喜欢喜欢。
20541031630,5,华为pocket 2这次一共有四大升级啊，第一个是使用了这个玄武水滴脚链，打开之后非常的平整，然后折起来的缝隙也非常的小，而且带来了ipx8的2米防水啊，第二个是升级了北斗的双向卫星啊，这个也是小小折叠屏的首次了，第三个就是小折叠屏也带来了40瓦的无线充，这对于很多开车一族，这个无线充非常的实用啊，第四方面就是相机上面的大升级啊，第一个是带来了三倍的一个光学变焦的长焦镜头啊，这个拍人像就更实用了，另外一个还增加了一个超光谱的摄像头，可以把它拿来测紫外线，对于女孩子来说也很实用。
20539220989,5,特别惊艳的设计，一直是华为的忠粉，从开始发布就抢名额，终于被我抢到了大溪地灰的版本，超级喜欢，外形和功能给我很多惊喜，这些天一直在刷快递信息，终于拿到手了，开心和惊喜！！
20556701935,5,太喜欢了，感觉太惊艳了，给媳妇换的新手机，正好是3.8妇女节，算是节日礼物了。和我的华为60非凡大师做了对比，比之高一些，窄一些，附带了手机壳。外观是真好看。
20582852525,5,物流超级速度，下单第二天就收到了。大溪地灰真的很高级，鸿蒙系统流畅，网速也给力。中间的折痕真的几乎没有，看屏幕跟直板机没啥区别。最主要是这个颜值真的无敌了，颜控被拿捏得妥妥的🤭
20567904146,5,华为的忠实用户，手机路由器手环等也买了一堆了。这次是送媳妇的三八节礼物。白色抢到手不容易，等待发货更是煎熬。提前到实体店看过了，拿到手里手感舒适，折叠屏展开后几乎没有痕迹。显示像素也非常高，拍照效果也很好，比她原来的手机好了很多。还有紫外线防嗮等功能也很强大，刚到手正研究呢，有新体会再来给大家汇报。话说P70啥时候发啊，我就等着换P70了。
20535110999,5,Pocket2是一款功能强大、便携轻巧的设备。最不明显的折痕，非常漂亮，真的遥遥领先。终于收到了，好开心！
20615480571,5,手机非常漂亮，老婆很喜欢，正面颜值高，折痕不明显，华为这块真遥遥领先了，不错，背面也很漂亮，就是送的硬壳不怎么好用。
20583781485,5,手机送人的，非常大气漂亮，拍照是真棒呀，人物，景色拍出来都很漂亮，折叠无折痕，玩玩小游戏也没问题，毫无压力，华为棒棒哒。
20568423784,5,一眼就看中了，特别好用，折痕基本看不到，化妆合大小，小巧不占地方，3号抢到的，10号收到货的，心心念念了一礼拜终于到了，开心开心
20564403372,5,1号中午下单，10号收到，一眼看中洛可可白，到手没失望，之前用过P50pocket晶钻白，相比之下这次折痕确实浅了很多，使用感受和待机时间以后追评。
20561890191,5,给老婆买的华为手机，她非常喜欢！造型别致，手感不错。发货速度很快，以为要等到月底，一个星期左右拿到。👍🏻👍🏻👍🏻
20550337737,5,我买是大溪地灰颜色的Pocket 2，非常漂亮！折叠开合很舒适，玄武水滴铰链果然很棒，非常给力！这是专门给老婆买的三八女神节礼物，她用手机的日常就是聊天，购物以及视频，我想绝对够用了！最后，感谢京东，华为真牛，非常满意！
20583141846,5,"外观很好看，这款手机的关键就是外观颜值了吧，打动女性用户的心。
自带的透明壳子也很漂亮，不一定非要另外买壳子了。好评！"
20563092762,5,非常好用，折叠痕迹只有黑屏对着光线看才能看到，亮屏完全看不到，用手也摸不到折叠痕迹，完全不影响使用，真的是体验非常好，拍照清晰，颜值也非常高。其他方面就不说了，华为的系统和芯片，通通都要支持
20604834195,5,手机很好看，是正品，爱不释手，很久没用折叠手机了，本来是要送给妈妈的，我自己留下了，再给妈妈买一个。还自带手机壳，不用再买了。
20539424715,5,"颜值高，性能强，不负期待。
1.发货速度快，两天就到手了；
2.大地灰非常棒，有意境，手感不错；
3.拍照，录像颜色靓，炫光摄影也很有感觉；
4.通话和续航能力也是棒棒滴。
华为继续加油。"
20563233431,5,折叠屏非常经验，首次从iPhone 13 pro迁移到华为平台，手机克隆功能太好用了，通讯录，照片非常快的迁移完了。外屏非常惊艳，值得拥有！
20552310490,5,超棒，手感超好，替换掉自己的40pro当主力机，希望华为越来越好吧，现已凑齐华为全家桶。下一步再补个电纸书，完美。
20549629389,5,手机收到了，颜色好看，大溪地灰的颜色很特别，拿在手上手感好，使用起来，速度挺快，大电量不用天天充电挺好。
20530716772,5,第一时间抢到了。超级兴奋啊。白色好美好美啊。折叠屏。平时放包里特别小巧。夏天背小包包也不怕手机***了。颜值满分。越看越喜欢。
20604137163,5,"支持国货，质量保证，物流快，服务态度好，好评！
机子颜值高，功能强大，声音也很大。
宝贝收到啦，实物真的好看，价格非常实惠，强烈推荐这款，超级喜欢"
20607216734,5,一到手立马玩起来了，超好颜值！货真价实，高颜值，高品质，一分钱一分货，材质外观和质量一看就很上档次，非常喜欢ʜᴀ͟ᴘ͟ᴘ͟ʏ𝟙𝟘𝟘
20608312755,5,爱了，拆开的那一刻太惊艳了，喜欢，这个价格值了，手感杠杠好，喜欢这个折叠满满的科技感，信号满格，网络流畅！
20557797304,5,还以为要3月25日才发货，结果赶在女神节前夕到了，算是意外的惊喜。老公提前准备好了手机壳，一收到就安装上了，果然很美，而且手机展开后外屏够大，比我原来的P40大了一截，内存也够用，整体使用起来非常丝滑，不过反正对我来说颜值就是正义～～
20567758469,5,抢了好几天才抢到   ，  小巧可爱，老婆非常喜欢 ！性能杠杠的  ，就是充电器太大了  能送个超薄的就完美了，华为yyds  。
20539989543,5,大溪地灰色的外观太惊艳了！折叠起来小巧握感舒适，展开后几乎看不到折痕，系统操作流畅，相机拍摄照片非常好看。
20531250232,5,不错，快递很快，没想到一号发货到货，我还以为要到八号，提前了很多，功能还在研究当中。后续期待，看下实用情况。
20615028996,5,第四步华为了，颜值很高，对女生来说吸引力太强了，操作流畅充电快显示细腻，游戏那是孩子关注的事，我们只关注好用耐用
20551022112,5,终于收到了，首发买的还是等了好几天，手机真漂亮，也很流畅，洛可可白的配色很惊艳，折痕是真的小，很喜欢。
20531843328,5,还是京东给力，没想到这么快就收到真机，打开一看，简直就是一件不可描述的艺术品，太棒了，爱了爱了。手感丝滑，最主要的是几乎看不到折痕，非常满意！
20537753934,5,"手机很漂亮，老婆很喜欢。
国货之光！从苹果手机转过来，今天用了一整天，感觉网络更好，速度更快，就是有点担心屏幕，其他都蛮好的，棒棒哒！"
20542181179,5,Pocket2确实不错！屏幕表现非常出色，色彩鲜艳且亮度高，流畅的使用体验和长时间的续航能力，大溪地灰的颜值很在线呀！
20611404245,5,不定时看下有货就下单了，洛可可白的很好看，怪不得最难抢，给老婆换的，之前用的是P30，支持华为，支持国产，遥遥领先
20616809083,5,工作的备机，主要是看中pocket2的可折叠和小巧，不占地方又可以满足我的工作需求，摄像头和屏幕也都是第一梯队的，大溪地灰非常高级
20554069286,5,"我心里乐滋滋的,穿上去好舒服,好迷人,真是太有魅力太显修身了,走在大街上回头率超多啊。嘻嘻！开始我原以为质量是一般般的,想不到拿到手上后的感觉就是不一样,坠坠的,有点沉.当初的凝虑没有了,真是太开心了!在这店里购物就是一种享受,很值得购买&hellip;.哈哈！又一次淘到好东西了&hellip;好评,绝对的好评!下次再来，介绍倾情的同事朋友来购买,希望老板能便宜一点。质量可以说是非常好了，与卖家描述的完全一致，非常满意,真的很喜欢，完全超出期望值，发货速度非常快，包装非常仔细、严实，物流公司服务态度很好，运送速度很快，很满意的一次购物"
20617120051,5,当晚下单，第二天一早就到了，京东的物流是真的快！媳妇感慨手机真漂亮，系统运行的也很流畅，颜值党表示超值！
20554682685,5,抢了几天才抢到的，没想到正好还能赶上给老婆的三八节继续，给力。最关心的折痕迹问题，真是肉眼完全看不出来，手感也不明显，整体完美。
20547924334,5,"华为这款折叠屏太帅了，操作特别流畅屏幕没有痕迹，折叠特别流畅，妥妥的！
华为遥遥领先！
华为遥遥领先！
华为遥遥领先！"
20554523839,5,"3.1抢到了
预计的3月25号发货的 结果3月6号发货 6号到手
非常喜欢 精致小巧 外观漂亮 系统使用流畅"
20532520443,5,送给爱人的生日礼物，很幸运第一时间就抢购到了，感谢JD第一时间安排送货。配色很好看，大小尺寸适合女士使用，期待后续体验。
20565393229,5,买手机家电首选京东！速度快，价格优，售后好，还保真。等了没几天就到了。颜值没得说，质感很好。华为出品必是精品。希望能用得久，价格不便宜呢。
20796056387,1,正常使用了36天，铰链胶条脱落了。
20541766670,5,大溪地灰，独一无二颜色真的好看。很幸运抢到一台第二天就到货，手感非常好，这台小折叠屏整体感觉很是惊艳。
20543408111,5,完美，产品很惊艳，性价比合适，希望用的长久！💌终于对它下手了，颜值是真的没话说❤，材质很好，物美价廉，趁活动赶紧囤起来宝贝收到咯👌🏻，真的很棒呀！🌈质量真是没话说，非常满意！🆗开心开心😃
20625000749,5,"外形外观：折叠屏很小，方便，折痕可以接受
屏幕音效：很好
拍照效果：非常好
运行速度：很快
待机时间：待机时间稍微有点短，一天多一冲，比不了mate60，毕竟折叠屏会丧失好多"
20564484601,5,手机超惊艳哈哈哈，背面的图案就是开盲盒，开出来还蛮漂亮，一款适合女士的漂亮机子，爱不释手啊哈哈哈哈哈
20565379366,5,外观小巧设计美观真的是革命性的产品12年的果粉转华为了，不错的购物体验真机真的很好看什么参数性能在颜值面前都不值一提好看的简直爆表
20608014913,5,不错不错，手机非常精致，唯一支持无线充电的小折叠，爱了爱了。同时以旧换新补贴了1000块钱，非常划算！
20562947640,5,因为喜欢京东，买了京东PLUS会员，常在京东买东西，订单太多，不想每个产品都写好评，所以特地写下这个模板，以前不知道~评论可以涨积分现在才知道好评的重要性，妥妥的每条都来评论下，赚积分，下次还能抵现金用。评论80个字以上，可以得到20个京豆，我无论买什么东西都会把这个段话复制粘贴下凑够字数。这是第N次在京东买东西了，东西便宜而且质量好，物美价廉，买的放心，用的开心，感觉都买上瘾了买买买根本停不下来，东西品种多而且又特别全，划算方便，而且实惠，包装很好，而且没有任何损坏，会一直支持下去的，服务还可以一超级好用，好评，下次再来。
20530707377,5,非常幸运的买到一台洛可可白，花纹还是挺好看的，中间的折痕真的非常淡，手指划过也很难感受出来，做工精细，华为遥遥领先。
20658049813,5,手机今天到了，包装和商务mate就是颜色的区别。从里到外对于内软屏的注意提醒项有三次，真的是很用心❤，手机各方面很不错，物有所值。
20572052884,5,"很喜欢这个颜色
外形外观：小巧精致，很不错
屏幕音效：屏幕显示效果很好，折痕几乎看不到
拍照效果：特别清晰
运行速度：速度也挺快，鸿蒙4.0很好用
待机时间：待机时间还可以"
20571816134,5,"以旧换新：以旧换新 抵扣的不少啊，划算啊！

外形外观：这外观，天花板了已经
屏幕音效：满足日常一点没问题没有
拍照效果：非常好，，长焦再长点就完美了
运行速度：足够使用了
待机时间：正常待机时间，没问题"
20607173093,5,"很好，物流很快，东西很给力，性价比很高！
宝贝非常棒，是自己想要的那种风格，到货也很快，谢谢老板，服务五颗星"
20675655806,5,"以旧换新：旧手机还没有回收，新手机已经到了，价格合适。
外形外观：大溪地灰真心好看，蓝梦价格太贵了，个人推荐这款颜色。
屏幕音效：2K屏幕，高刷新率，
拍照效果：各种自拍形态，很适合女同胞
运行速度：没有什么可以说的，运行对这个价位手机几年没有问题
其他特色：后摄趣味性多
缺点：折痕还是很明显，看习惯就Ok或者亮屏。原装膜太容易粘灰尘。"
20565385808,5,一次很好的购物体验，服务周到，物流快速，配送也很周到，态度也很好，物有所值啊，果断好评！🌈质量很好，买的很合我心意💕，棒棒哒！✨需要的亲们可以放心购买
20534792058,5,发货速度相当之快，开盒的心情十分激动，媳妇也很满意，颜值很高，拍照也比之前的手机好的多很满意，就是手机到了手机壳还没到🤣🤣
20556064423,5,激动的心颤抖的手  很是高兴！！！！颜值就当然不用多说了   很是喜欢  这几年华为崛起了   研发的手机越来越不错   真有点买不起华为了！！！！！！！！！！！
20625102841,5,"以旧换新：旧手机回收还有额外补贴
外形外观：洛可可白漂亮，一眼就被颜值吸引
屏幕音效：清晰完美，基本没有折痕，目前遥遥领先
拍照效果：华为的拍照一直可以，这个多了个紫外线
运行速度：运行流畅，第n个华为机了，用几年不会卡"
20636693780,5,"作为一名消费者，我有幸使用了华为Pocket2这款手机，我想分享一下我的使用体验。

首先，华为Pocket2给我留下了深刻的印象。它的设计精巧，尺寸小巧，非常适合在外出时随身携带。同时，它的屏幕采用了全面屏设计，无论是浏览网页还是观看视频，都能提供出色的视觉体验。

在使用过程中，我发现华为Pocket2的性能也相当出色。它搭载了强大的处理器，无论是运行大型应用还是进行多任务处理，都能保持流畅。同时，它的电池续航能力也相当强大，即使在重度使用的情况下，也能保证一整天的正常使用。

此外，华为Pocket2还具备出色的拍照能力。它配备了高像素的摄像头，无论是在光线充足的环境下还是在暗光环境下，都能拍出清晰、细腻的照片。同时，它还支持各种实用的拍照功能，如夜景模式、人像模式等，让我在拍照时能够更加自由、灵活。

总的来说，华为Pocket2是一款非常出色的手机产品。它不仅拥有出色的设计和性能，还具备强大的拍照能力。我非常推荐这款手机给那些追求高品质生活的消费者。同时，我也希望华为能够继续保持在手机领域的创新精神，为我们带来更多优秀的产品。

购物评价:我强烈推荐这款手机给那些希望在外出时"
20571984441,5,"3月5号抢的，3月11号到的，手感超级好，设计方面。华为手机的设计简洁大方，线条流畅，注重细节，如按键、接口和扬声器的精心设计，提供精致外观和便捷的使用体验。
性能方面。华为手机配备了高性能处理器和大量内存，确保流畅运行多个应用程序，配备高清屏幕和优秀摄像头，提供高质量视觉和拍摄效果。
拍照效果方面。华为手机拥有高像素摄像头和多种拍照模式，如超广角、长焦等，特别强调XMAGE影像技术和物理可变光圈，提供卓越的拍照体验。
安全性能方面。华为手机采用多重安全技术，如指纹识别、面部识别和密码锁，提供安全的使用环境。"
20573983445,5,"目前使用感还可以，翻盖折痕处理的比P50pocket好太多了，本人非常喜欢，尤其颜色，我是以旧换新的，流程也非常顺畅满意，
运行速度：厉害
待机时间：可以
其他特色：小巧，适合女性
拍照效果：非常好
外形外观：满意"
20554823111,5,之前还一直没有货，心里还挺难过，没想到女神节收到了，京东可以的，满意，手机也很喜欢，折叠起来手感很好～我的洛可可～超赞
20628826853,5,实在等不到白色到货，入手了大溪地灰，谁说灰色不适合女孩子的，也很好看呀，很大气的颜色，我是苹果转过来的，相中了折叠屏，以旧换新了一个，用了三天，目前很顺滑，没有折痕，小小的外屏设计的也很可爱😊，单手可翻盖，运行速度新机必然是不会卡顿哒，充电超快，至于摄像嘛，本人对摄像要求不高，我觉得尚可，毕竟是手机不是单反
20577160826,5,我刚拿到手里就感觉它真的好平整啊！6.94英寸修长大屏，支持1-120Hz自适应刷新率，加入更节能的像素透光技术，局部峰值亮度达2200nits。 采用的是珍珠双环设计，对称简约，很高级！一共有4种配色，大溪地灰和洛可可白采用的是凝光贝母工艺，雅黑和芋紫两款用的是素皮材质；另外还有一款艺术定制版，后盖做了裸眼3D处理， 更有立体感，后盖升级为第二代昆仑玻璃，更耐摔、更耐刮。
20571834880,5,"Pocket 2是一款设计精美、功能丰富的折叠屏手机，它在紫外线检测、拍照和外观等方面都有着出色的表现。作为一款折叠屏手机，Pocket 2采用了全新的折叠方案，使得手机在折叠状态下更加小巧便携，而在展开状态下则拥有宽阔的屏幕。
紫外线检测功能非常实用。这个功能对于喜欢户外运动和旅行的用户来说非常实用，可以根据紫外线强度来决定是否采取防晒措施。
Pocket 2的拍照功能也非常强大。手机配备了一个4000万像素的主摄像头和一个1300万像素的超广角摄像头，可以轻松应对各种拍照场景。同时，手机还支持华为自研的XD Fusion图像引擎，可以优化拍照效果，让用户拍出更加精彩的照片。
Pocket 2的外观设计也非常时尚。手机采用了一块6.7英寸的可折叠柔性OLED屏幕，分辨率达到了2790x1188像素，显示效果非常清晰。同时，手机还采用了全新材质的玻璃面板，使得手机在外观上更加时尚美观。"
20628960556,5,华为pocket2手机，设计独具匠心，珍珠双环与翻盖式造型彰显高贵优雅。屏幕超平整，细腻清晰，色彩饱满。拍照效果出色，四摄模组带来全焦段清晰影像。系统运行流畅，电池续航强劲，外屏交互生态丰富，个性化十足。真是一款细节之处见真章的佳作！
20530224274,5,京东物流非常赞，1号首发，6点就更新物流了，下午5点收货，试用了，非常丝滑，真的遥遥领先。给京东物流和华为点赞，女孩们的梦中情机，值得拥有。
20570044721,5,手机非常好，颜值高、折痕淡，有一说一，华为Pocket 2的外观是真的耐看，洛可可白的配色看了会直击内心，纹路细腻，质感十足，拿在手里精致感满满，而且辨识度还很高。用来拍风景还是不错的，色调要比苹果浓烈一些，风格也比较突出。拍人像的质感主打一个写实风格，会加一丢丢美颜，不过成像很自然，虚化也恰到好处。
20602873548,5,"京东物流超级快,24小时左右就到货了，这是京东买的.颜色也非常漂亮。这是第1次购买折叠屏家人,原来是用的是苹果手机，希望用得好。"
20694893719,5,💛看起来还不错，包装的很仔细，价格也非常公道，还会继续买买买！✌大品牌！值得信赖的！效果超级好！贵有贵的道理！很棒的商品！物流和产品都不错，性价比高，赞赞赞👏👏👏
20682881631,5,续航很好，拍照清晰。运行畅快，外观很好看，不同角度有不同光泽，白色很温柔很好看耐看，速度很快，不愧是遥遥领先华为，支持国货相信国货。屏幕清晰，展开后屏幕尺寸比我之前用的大一圈，外观显示还可变化，可自行设定，音质好，很是清晰。
20665657155,5,"外形外观：很漂亮
拍照效果：效果好
运行速度：快

设计漂亮！已经种草很久，很喜欢！速度快，隔天就收到了！"
20541854960,5,高颜值，太喜欢了。大溪地灰颜色高大上。高配置，摄像头太惊喜了，对于爱拍照的真是爱了。内存够大，不怕内存不够了。充电器66w充电速度超级快。值得所有人购买。
20668685655,5,"外形外观：外观觉得拉风，识别度百分百

运行速度：遥遥领先

待机时间：能用一天多

拍照效果：非常满意，保真

其他特色：折叠这么多次，没有任何问题。"
20639212252,5,折叠屏小巧可爱，方便携带。屏幕非常惊艳，摄像头也是，照相功能无比强悍。性能更不用说，使用起来流畅无比，非常棒。这款手机毫无疑问是女生最爱。
20572531695,5,手机小巧漂亮，折叠后很方便，放小钱包里，可可爱爱 很喜欢华为品牌，使用各方面也挺好的，反应灵敏，展开没有折痕，洛可可百颜色也很好看，像贝壳一样手机拍视频效果也蛮好
20577045991,5,很惊喜，手机质感超好，买的白色的很靓，折叠的很方便收纳，屏幕质量很好，音效也很好，拍照特别是拍风景好看，简直遥遥领先。满意
20567659850,5,512的巨难抢，刚好看到1TB的有货...趁着3.8节抢了一步给老婆..老婆非常喜欢...大溪地灰好看..高端...运行很快...照相也很清晰...屏幕基本看不到有折痕..
20567133419,5,收到货第一时间拆包装，质量非常好，与卖家描述一致。完全超出我的期望值，包装很仔细、严实，非常满意的一次购物，感谢卖家。
20595803719,5,Pocket2的外观设计无疑是其一大亮点。它采用了时尚的折叠设计，不仅让手机更加便携，同时也为用户带来了全新的视觉体验。此外，它的材质和工艺也相当精良，屏幕质量非常高，无论是浏览网页还是观看视频，都能提供出色的视觉享受。同时，它搭载的操作系统也非常流畅，使得我在使用过程中从未遇到过卡顿的情况。华为Pocket2还具备出色的拍照能力。它配备了高像素的摄像头，无论是在光线充足的环境下还是在暗光环境下，都能拍出清晰、细腻的照片。
20579737019,5,不愧是我遥遥领先的大华为，折叠机里的劳斯莱斯，几乎看不到折痕，大溪地灰色也很独特，特别好看，外屏的萌宠真是萌化我了，太太太可爱了，手机还有测紫外线功能和测肤功能，充电时还可以选择双倍快充，功能太强大了。爱不释手！
20617643570,5,嗯，华为外观精巧可爱，折叠屏无痕，鸿蒙系统用着很顺滑，很喜欢。每一个手机的外壳就是一个独立的个体，拿到手以后被他背面，正面深深的外观所吸***连忘返，无法自拔。强烈推荐黑给女性宝宝。
20561497208,5,给我媳妇儿mate50换成pocket2，手机非常好看，出了一直没抢到，这回可算抢到了，直接上个顶配，华为就是nice
20609529302,5,给老婆买的，她爱不释手，都不搭理我了，一直玩手机，哈哈哈哈哈。这款手机，绝对的颜值爆表，女生的最爱。
20627070150,5,握感舒服，黑色高压，折痕也很小很满意。运行速度很快，屏幕显示效果生动细腻，拍照算法很好。待机时间完全够用。带的手机壳很好。
20603421252,5,看了网上发布后心里就种草了，马上预约抢购了一个大溪地灰，到手后太喜欢了，做工精细，系统运行稳定，镜子功能特别喜欢，AI头像也非常棒，必须五星好评，支持国货，支持华为
20541620836,5,拿到手很惊艳，真的好漂亮，花纹很独特。我们家附近的华为手机店还没有样机，没想到我先买到了。发货很快。遗憾的是没有买到白色也没买到512G。总体挺喜欢的，第一次用折叠屏手机，使用全程小心翼翼。相机拍摄还要适应一下，我拍不好看。音质也一般般。不过非常喜欢华为系统，虽然是第一次使用，但是处处透着便捷好用。期待使用一段时间后的手机状态。
20622222387,5,"包装精美，手感很不错，小屏幕的操作也很有创意，希望能更新支持更多的app，这样自定义空间就更多了
屏幕亮起后，折叠的地方一点都看不出来，没有想象中担心的折痕，真没想到技术已经到这种程度了"
20588730025,5,非常喜欢，体验了几天来说一下感受！首先不管机器好用不好用，颜值第一了！手感也非常好，触屏和折叠也是非常流畅，在折叠机里面我感觉属于天花板了！对于女生来说，配置啥的不重要，喜欢它没道理～拿到手开心第一位！姐们们冲吧！
20529486974,5,发布会当天没有抢到，第二天京东抢到，说3月1号正式发售，好吧，今天下午就寄过来，送老婆的周末纪念，我拿着手感都非常不错，慢慢挖掘新功能！！！
20581025951,5,"真的很好，性价比也很高，质量也很好，物流也快啊！一天就到货了！
当时买的时候还在犹豫价格，买来之后一点都不后悔，而且物流还快，可以入手"
20594879598,5,白色没有货买的灰色也好高级，粉粉嫩嫩的主题太喜欢啦，相机拍照也很好看，外屏的小考拉太可爱啦，，从苹果系统转过来目前还是很适应的，电池续航能力强些
20590275317,5,"外观漂亮，大溪地灰特漂亮。折叠后很小巧，方便携带。
拍照效果好，照片清晰色彩鲜艳。
运行速度快，屏幕触摸很丝滑。
从下单到收到货等了不到十天，非常值得。"
20622700045,5,从oppo折叠换到华为折叠，外观更漂亮 屏幕占比更大了，而且折叠的痕迹很浅，多了很多黑科技用着更方便，性能稳定，拍照清晰，遥遥领先
20600837120,5,京东值得信赖，一直都在京东购物，不管是自营店还是官方旗舰店，都很放心，客服也很专业，回答问题很具体，还有就是京东小哥，送货速度快，态度也很好。。。
20568865845,5,🉑宝贝收到了，很惊喜✨，设计合理，时尚大方，继续关注，以后会回购的❥❥❥宝贝很好，不得不说，客服态度也太好了吧！质量很好，收到货第一时间打开看了，很不错，很满意
20567423559,5,华为京东自营旗舰店华为pocket2收到了🫡感谢华为让我抢到喜欢的手机🙏本想38节送老婆的，晚了3天可以接受。白色的老婆非常喜欢😘京东快递也是十分给力👍给快递小哥点赞👍
20575094790,5,手感很棒，手机又轻薄了一些，运行顺畅，屏幕细腻而且真的无痕，各种新科技，使用感很棒，真的集众多功能于一机，支持国产，继续加油！
20682862261,5,实机还是挺让人惊喜的，几乎看不出来折痕，这个铰链做的不错，单手握持没问题，拍照也没有什么问题。外屏使用起来很方便，不用打开就能看到很多信息！
20643490446,5,物流速度很快，外包装考虑周全，没有破损。外形设计美观、大方，很Q。大小适中，整体用料不错，手工很好。质量很好，值得购买。
20682881294,5,新品折叠真的太好看了，外观洛可可白是带哑光那种很通透的颜色，就像一件艺术品，鸿蒙最新系统非常流畅，手机展开完全看不到折叠的痕迹，拍照也很哇塞，通话质量我试了一下，很清晰。
20594854366,5,3月15日购买华为pocket 2，12+512存储，16日就到了，京东物流没得说，，买回家深度玩了几天，待机比我退役的12promax强很多，玩游戏开高画质很流畅，拍照很清晰，录像可以开到4k60帧，全款和***分期均可，目前为止很满意。
20579513775,5,大溪地灰真的很好看，又美又帅，做工精细，没有瑕疵，质量很好，折痕很浅使用的时候一定看不出来很厉害了。
20595491924,5,华为华为，遥遥领先。折叠手机。用过了X5，那个手感是真的好。在试试这个对折的。感觉也很棒，尤其是给闺女使用。配合个手机壳包，妥妥的小包包。
20570354674,5,十年苹果老用户换过来的，外观设计好看手感质感很好，拍照效果很好，搭配麒麟芯片鸿蒙系统流畅度不错，下单时显示预计25号发货，结果提前发货值的好评，平常手机用的比较勤，感觉续航不是很好，还有外屏适配功能要是多一些可能会更好。
20537878353,5,外观设计漂亮，尺寸大小合适，包装仔细完整，宝贝手感不错，感觉很好，发货速度快，服务态度一流，给力！5星好评！不太爱评价，但这个是真的棒！质量很好，做工细致，包裹很严实，快递服务态度好，绝对好评！
20642790480,5,小折叠屏手机就华为的最好看，一下子就看中了，折叠的效果也很好，机身颜色超级爱，加上官方的折旧补贴，简直是开开心心置换
20580976297,5,给媳妇买的，就这颜值哄媳妇神器，到手她就喜欢的不得了，别说女生了，我一男生都很喜欢；不仅颜值亮眼拍照好看也是Pocket2其一拿手绝招，用Pocket2拍照感觉马上步入大叔行列的我又重回18了，哈哈哈；折叠屏屏幕的几乎没有折痕，对我印象里的折叠屏手机真是强烈冲击，不得不说遥遥领先；我特别喜欢猫，奈何媳妇不让养，外屏的小猫真是太可爱了属实是我梦中情猫，点击屏幕它就可以跟我互动，我抓拍了两张太好玩了，虽说是给她买的但没事我就拿过来玩玩，因为这经常需要对方抢手机，以我家现在这情况写小说的话，小说名就叫《媳妇不让在家养猫之我在媳妇手机里养猫》。
20571355697,5,等了不到一周，完全没白等，一直都用的华为手机，这款不管在外形，大小，拍照，都太喜欢了，男女都可以用，中间划痕真的看不出来，毕竟折叠技术，有点也正常，没有白等，真的超级喜欢，
20571884616,5,华为的品牌，一直都比较喜欢。这次出了pocket2后，就直接下了订单。折叠的手感不错，折叠后很小巧，携带方便。卫星短信功能和紫外线检测功能也有意思。
20567309783,5,到货很快，赶在3.8节日送给老婆！运行了两天，总体感觉很好，外观大气华美，折叠屏比较平整，内存够大，运行流畅！
20566462781,5,颜值爆表，看到后立马下单，发货速度很快。用的以旧换新，还赠送了抵扣券，挺划算的。充电速度很快。重要的是颜值，太喜欢了
20625321065,5,"外形外观：牛叉、碉堡了、非常给力
屏幕音效：音量够大！给力音质也可以
拍照效果：非常牛，效果也不错，支持国货、干翻国外所有品牌"
20637866776,5,功能太强大，我在学习使用中。这款手机太好了。非常喜欢。在京东购物有保障。相信京东。相信华为。支持华为。这是我拍的照片距离很远但是很清楚。续航的时间很长很清楚，很可以使用很久。功能很强大，慢慢的学，我只掌握了1/10000。
20605340072,5,非常满意，真的很喜欢，完全超出期望值，发货速度非常快，包装非常仔细、严实，物流公司服务态度很好，运送速度很快，很满意的一次购物
20542022847,5,华为pocket2手机令人印象深刻，它轻巧便携，功能强大。清晰的屏幕和快速的处理器使它成为日常使用的理想选择。电池寿命也很长，满足全天候使用。
20643371372,5,华为手机最早就用过麦芒，再还用过荣耀。这次夫人看见这款折叠手机非常喜爱，比三星手机类似款屏显更胜一筹。12+1T，应该够用了，果断换了苹果手机用这款了，很赞。
20586174373,5,"物超所值，商品设计完美，外观也很高大上，让人爱不释手。
很好看，制作工艺很精美，材质也很好！给个赞！
这个手机女性杀手，媳妇看完就惦记了，果断给买了，屏幕素质比苹果的亮一点，拍照也不错。"
20614800502,5,手机第一眼很惊艳，很小巧玲珑，三月份新鲜出炉的新机，一到手就迫不及待的用了，拍照效果也很惊艳，P40pro终于可以退居二线成备用手机了。特别nice，华为YYDS
20622845909,5,折叠屏用着真爽，性价比简直特别的高，非常的喜欢这台手机，非常的满意，推荐大家购买！颜值绝对的非常的高，拿起来也非常的小巧，非常的赞👍👍
20628653009,5,华为pocket2造型非常好，折起来配一个手机壳就是个时尚单品。黑屏的时候能看出少许折痕，亮屏的时候完全看不出折痕。这款手机完全不用看性能，只看颜值就对了，华为国货之光。
20569523032,5,"外形外观：完美的洛可可白配色
屏幕音效：显示效果完美，感觉不到有折痕
拍照效果：拍照还是华为一贯的高品质
运行速度：自家处理器配合鸿蒙系统，堪称完美"
20575027350,5,"家里人都是华为用户 新品出了必买 
信号非常强 遥遥领先
拍照效果极好
折叠技术非常完美 非常小巧玲珑 
遥遥领先 值得拥有
发货速度也很快 
以旧换新补贴高 一次愉快的体验"
20600192055,5,手机很好，功能强大，拍照也一如既往的好，很适合日常使用。折叠屏用起来逼格也很高，超级喜欢！拍照细节清晰，色彩逼真！
20544677866,5,很哇塞。确实很漂亮，不得不说，喜欢最重要，这外观这手感。爱爱爱爱爱爱爱了。最重要的是喜欢其他的都不重要，关键还是华为。这就够了
20637213717,5,手机很不错，外形十分的漂亮，折叠屏也十分的好看，非常的高大上，白色是手机里面最好看的了唯一不足的是都这么贵了，连一点赠品也没有，让人感觉十分的不爽，而且价格说实话的确是很高
20563334307,5,本来还很担心东西不好，拿到手发现完全多虑了，五星好评发货超级快，到货超级快，包装很精致，真的是开启了新世界的大门&hellip;&hellip;真心喜欢，颜色、款式都非常棒！🉑宝贝收到了，很惊喜✨，设计合理，时尚大方，继续关注，以后会回购的❥❥❥终于收到货了，非常非常喜欢，做工精致漂亮，已经被很多人夸了，真的太开心了，已经是他家的忠实粉丝了，以后还会继续买买买的
20642508753,5,pocket2非常漂亮，只想说这外形、这设计真是太懂女人的审美了。看到真机后立即就决定从水果换成华为。拍照很棒不输原来的水果机，尤其是可以用后置摄像头自拍，真是太爱了！系统流畅屏幕观感好，华为手机值得购买。
20565466128,5,国货之光，大赞！折痕很平整，屏幕清晰漂亮，系统丝滑了做工非常精美，真的非常漂亮！拍照也非常好，很喜欢💕
20560148588,5,京东自营，值得信赖，品质好，速度快，一直在京东平台购买京东自营产品，比预计到货时间提前送达，效率非常高，京东自营产品，品质可以得到保证。
20572194938,5,大溪地灰出色的外观设计 真的很精致时尚 系统运行的流畅度与运行过程中手机机身的温度控制都非常好 总之除了有点贵 颜值和手机运行方面都是非常好的
20541889560,5,整体非常满意，手机手感很好，折叠起来也没有缝隙。是华为的忠实客户了，这次看了以后老婆就非常喜欢，终于在京东上抢到了，发货也很快。
20676635778,5,手机摄像很棒，用着很不错，看起来也很漂亮，总之很满意，白色女生用着很适合，防晒检测比较有意思比较好玩
20569707067,5,继遥遥领先买了一个后，又给老婆买了这个pocket2，换掉了她的iPhone14，老婆非常喜欢，颜色好看手感也很好，速度很快，上手也很容易，尤其是小艺和siri对比后，siri就像个**，真的是遥遥领先。不过京东对这么贵的手机包装有点太随意了，不知道快递员怎么摔呢，手机包装盒的一个角已经给摔憋了，幸亏手机没事。
20592459998,5,感谢京东，让我抢到了喜欢的手机。华为遥遥领先，使用整体流畅，折叠无明显痕迹，外观非常美观大方，老婆特别喜欢！！！！
20538491601,5,感谢华为在刚刚好的时间出了poket2，并且让我老婆看见了，让我用上了她仅仅使用了2天的mate60Pro+。手机到手，她很满意，小巧精致，设计感十足，折痕完全可以接受，希望能经得起时间的考验，遥遥领先
20573272961,5,老公送的生日礼物很喜欢换了一个美美的壳，小朋友也很喜欢这个颜值很高，折叠的很呢，基本是没有的，但是熄屏之后还是可以看到的，总体做工还是不错的希望能够配件的话可以再配得更好看一些。
20586620029,5,感谢京东客服的加急，终于收到宝贝了。刚买60PRO不久，华为智能眼镜2，又出pocket2，真的费钱啊。不过外观真的&ldquo;无得顶&rdquo;&ldquo;顶呱呱&rdquo;！折痕很细，拍照很清晰。十分满意
20535977037,5,洛可可白超级好看，颜值爆棚，性能优秀，自己抢了pro60+ ，给老婆买了这个pocket，两次都是偶然打开京东可以突然发现可以下单，好神奇。一如既往的支持华为。
20574813184,5,手机外观非常好看，颜色非常好看，性能非常好，拍照非常清晰，外观美观大方。值得购买。京东物流发货非常快，今天下单明天就收到了服务值得。
20615793647,5,上网速度遥遥领先，通话质量很好，手机流畅度不错，素皮材质手感也很舒服，北斗卫星信息功能还没有用，等以后再用。店家回复迅速，解答到位，发货速度快，京东自营也很给力，隔天就拿到手机了，是一次非常满意的购物体验！
20810097745,2,一直在京东购买，一直在买华为的手机，这次的售后服务非常差
20614375428,5,在京东购买已经收到了，东西很不错，华为手机流畅。京东自营店发货速度很快，物流也很快速，快递小哥派件很给力，隔一天就送到了。
20540241626,5,因为在外出差，手机是第一时间配送的，这个物流快的实在出乎意料，所以延误了两天才去签收，手机非常满意，质感很好，非常小巧，特别适合老婆使用嘿嘿
20643648256,5,京东手机值得信赖，华为国货更值得信赖，手机用了一个月感觉非常好，鸿蒙系统流畅无与伦比，直接上图，以后还来买！
20574810690,5,京东快递送货一如既往安心，紫色外观也非常出众，手感质地很好，拍照质量极高，期待更新纯血鸿蒙带来速度再次提升
20577056016,5,本来说是25号到货，结果13号就到了，喜出望外。打开一看，真是一件艺术品！迅速通过&ldquo;克隆&rdquo;把旧手机上的所有搬到了新家&hellip;&hellip;哈哈，真好！
20572472897,5,质量很好，用起来很方便。以前用的苹果手机，现在支持华为以后就用华为手机了。全力支持华为手机，以后叫我老婆也支持华为，华为折叠手机很好👍外观很漂亮从一开始出就开始预约抢。终于抢到手了，全力支持京东，买家电手机还要选京东。售后服务很好👍👍👍
20637045710,5,京东的服务真是太棒了！从下单到收到货物，整个过程都非常顺畅。产品的品质也非常出色，完全符合我的期望。下次购物我还会选择京东，强烈推荐给大家！
20638078536,5,"在京东自营买的东西有保障，在自营京东买的，
华为的新款手机，一上市就购买了，真的太喜欢了，折叠屏完全看不出折痕。
外形外观：时尚潮流漂亮。"
20566629806,5,给老婆买的，非常的喜欢！心仪已久，果断下手，用过之后感觉很不错，是华为正品，快递也很给力，果然名副其实👍用起来确实很爽很放心！
20620090490,5,手机非常漂亮，折叠状态，简直不要太方便，各方面都非常满意，华为和京东值得你永远信任，手机好物流更快，
20661113724,5,发货快，包装好，送货及时，快递服务好。手机外观非常惊艳漂亮，系统实用流畅，折痕不仔细看根本没有，体验非常不错，好评
20569463289,5,折叠屏手机华为果然遥遥领先，赶着三八节送媳妇个礼物，他简直爱不释手，手感超级轻便，比水果机轻了三分之一，宝贝非常棒，是自己想要的那种风格，到货也很快，谢谢老板，服务五颗星
20558583780,5,终于收到了，遥遥领先，果然名不虚传，一直信赖华为大品牌，支持民族企业会越来越好的，京东快递也特别快，目前使用没有什么问题，后面会继续支持的
20645560610,5,"质量非常好，与卖家描述的完全一致，非常满意。发货速度非常快，包装非常仔细、严实。物流公司服务态度很好，运送速度很快
东西很好，价美物廉，掌柜态度专业热情，有问必答，回复也很快。宝贝收到时包装完整，打开后惊喜连连，超出期望值。
很好的卖家，东西很喜欢！质量出乎意料的好，下次还会再来光顾的，祝生意兴隆。"
20594100646,5,终于收到货了，非常喜欢，大溪地灰这个颜色很高级，精致漂亮，拍照效果不错，运行速度也很快，客服也非常耐心细致，想不到那么快就到了，发货快物流给力👍🏻
20571850983,5,当时在店里看了样机就很心动，纠结了半天还是在京东自营上买了白色，本来调货还以为时间很长，结果很快就发货了，次日就到了，拍照很好看，正面几乎看不到折痕
20570895927,5,大溪地灰非常好看 手感小巧灵活 18年给老公买的P30pro 用了6年 这次给他换pocket2 妇女节他没给我礼物 我倒给他买了个礼物 加油华为遥遥领先
20627434219,5,很好，物流送货的速度很快，昨晚下单的，今天一大早就送来的，东西质量很好，最近十多年基本上都在京东买东西，方便又快捷，值得信耐。
20538389535,5,正品，质量好，价格低，性比价高，物美价廉，物有所值，朋友看了都说好。客服服务热情都到。物流很给力东西好便宜，质量出乎意料的好，下次还会来的~有新货了，记得通知我！好卖家，继续关注！
20637952093,5,配送服务非常快，以旧换新的，我手小，喜欢用窄点的手机！黑色商务低调！非常适合男士职场！感谢京东自营感谢京东快递师傅送货上门！
20587821723,5,帮朋友买的，朋友说质量很好，外观好看，性价比高，颜值高，，，，，，，，，，，，，，，，，，，，，，，，，，，，，，，，，，，
20529432321,5,太棒了，确实遥遥领先。上演了折痕消失术，另外手机克隆过程中，发热问题较Pocket S确实解决的很好。
20626451911,5,华为折叠手机收到了，包装完美无损！原值高大上！是我喜欢的风格！购物就相信京东！商品质量！服务态度都无可挑剔！足不出门，大大小小的东西都可以在京东买到！五星好评！
20624486935,5,"心心念的pocket2 终于抢到啦  简直颜值天花板
运行速度 拍照 都杠杠的    支持国货 支持华为！"
20548332142,5,收到货，第一时间拆包装，正品，质量好，价格低，性比价高，物美价廉，物有所值，与卖家描述一致，完全超出我的期望值，快递给力，卖家很有信誉，发货速度也很快。价格更是比别家的实惠多了。总的来说，这次是很满意的一次购物，感谢卖家。
20558217935,5,商品蛮好的，开始发布的时候就关注了，一直在抢，今天终于抢到了，很意外，也很惊喜，幸福感满满，支持国货大品牌，好评。
20616517622,5,期待的手机到了，一代的时候就想买了，这次去了实体店看了一下，果断下手了，没有失望，很开心买到心仪的手机。
20542028507,5,"续航给力，拍照清晰，运行畅快，物流超级快，手机机身很轻薄，折叠起来小小一个，还没巴掌大，开合很顺滑，侧看
真的没有折痕!!遥遥领先，大地溪灰的设计nice!充电也
是超级快！棒~"
20586470066,5,&quot;收到货非常惊喜，质量超出预期。包装严实仔细，物流迅速。卖家服务态度好，发货快。性价比极高，绝对物有所值。强烈推荐给朋友们！&quot;
20600855413,5,发布会就种草了，开售就给老婆抢一个，不容易啊。！心心念念的华为到货了，外观满意、手感满意。外形外观：独特且唯一，每一个洛可可白都不一样。整体收集还是比较薄，手感非常好！下一部手机一定还买华为，遥遥领先！
20596502808,5,之前一发布就非常的关注，老婆喜欢的不得了，终于现在抢到白色的现货了。把之前用的p40总算换掉了。让女性也体验一下遥遥领先！
20640070003,5,很好，性价比很高，下次还会购买很好，性价比很高，下次还会购买很好，性价比很高，下次还会购买很好，性价比很高，下次还会购买
20570074592,5,作为一个p50 pocket的老用户，等这次换代等太久了，麒麟归来以后，华子也没藏着掖着，直接上了当前最好的硬件配置，没看发布会就打算定了，这次最大的惊喜就是这个大溪地灰配色，简直太漂亮了！！！保留双环设计好评！折痕堪称完美！！拍照什么的华子根本不用担心！！！非常完美，你永远都可以相信华子！ 卖家的服务真是周到细致！他们不仅耐心解答我的问题，还给予了很多实用的建议。物流速度也很快，让我及时收到了商品。
20623983899,5,很热情的卖家，下次还来希望下次还有机会合作祝你生意兴隆质量非常好真出乎我的意料包装非常仔细非常感谢。祝生意兴隆
20667746615,5,东西质量非常好，与卖家描述的完全一致，非常满意，真的很喜欢，完全超出期望值，发货速度非常快，包装非常仔细、严实，物流公司服务态度很好，运送速度很快，很满意的一次购物。
20620669334,5,"高颜值，太喜欢了。大溪地灰颜色高大上。
高配置，摄像头太惊喜了，对于爱拍照的真是爱了。
内存够大，不怕内存不够了。
充电器66w充电速度超级快。
值得所有人购买。 这个商品的质量真的很好！外观精美，手感舒适，使用起来非常顺手。卖家的服务态度也很好，让我购物无忧。"
20637580047,5,真的很喜欢，完全超出期望值，发货速度非常快，包装非常仔细、严实，运送速度很快，很满意的一次购物很满意的一次购物，商家服务好，发货神速，物流也很给力，宝贝收到后非常喜欢，买得放心，用得安心发货很快，包装的很好，价格也特别实惠，还有这么多功效也是不错了，值得购买
20624240165,5,"很热情的卖家,下次还来希望下次还有机会合作祝你生意兴隆质量非常好真出乎我的意料包装非常仔细非常感谢。祝生意兴隆"
20611027578,5,看到官图时就被它的美貌所折服 拿到手后用了一下 体验感还不错。手机屏幕折痕不明显 拿在手上非常的小巧 单手折叠的话就不是很方便了。充一次电 只要不是一直追剧 用两天问题不大。
20532303418,5,"外形外观：第一次买华为，华为的审美没得说，确实是我用过的最高颜值的手机了。外观漂亮，很惊艳，就是冲着外观买的。


屏幕音效：屏幕基本看不出折痕，这技术确实厉害。
拍照效果：拍照还行，毕竟是折叠手机"
20564024447,5,手机很薄，新机屏幕基本无折痕，操作顺畅，屏幕清晰，等了9天到货了，大溪地灰配色不错，耐看，整体手感也很轻盈，就是担心屏幕容易坏，补购一个碎屏险踏实点。
20563801399,5,"华为pocket2使用感受
单纯的想试一把折叠屏，之前犹豫买3星，但是据说三星折痕很明显，所以还是试一下新出的华为pocket1。说一下我拿到手的感受吧：3月3号下单，今天3月10号到货，一眼相中这个洛可可白，颜色好看，作为十几年的ios选手，刚开始使用安卓系统还是要适应一下了。
①外观感受
折痕目前肉眼看不出，可以忽略不计，手感不错，自带贴膜。具体折痕情况还要再使用几天才知道。
②拍照感受
③续航能力
目前新机，续航能力可以，普通玩手机刷微博抖音应该不成问题。今晚空闲时来几把游戏试试一把游戏下来掉电情况。
总结：终于体验了一把不用带门禁卡刷nfc的感受了，这个手机很适合女生，小巧可爱，拍照又好。折叠后放进口袋或者小包很方便，目前我做备用机使用，即使做主力机也是杠杠的。"
20567164508,5,遥遥领先，遥遥领先，开箱比我想象的还惊艳，手感舒适，折屏痕迹基本看不来，背部纹理确实漂亮，系统丝滑，可可白确实好看!!!!!!
20566081604,5,"首先，从外观设计来看，华为Pocket 2采用了内折叠方式，展开后可以形成一块6.9英寸的屏幕，折叠起来就只有只有7.2英寸，非常便携。同时，它的机身材质采用了高强度铝合金和柔性玻璃，使得手机在保持轻薄的同时，也具有很好的耐用性。

其次，从性能表现来看，华为Pocket 2搭载了麒麟9000处理器，配备了8GB+256GB的存储容量，采用了双电池设计，容量达到了4000mAh，支持40W有线快充和40W无线快充，续航能力非常出色。在日常使用中，无论是玩游戏、看视频还是拍照，都能够流畅运行，不会出现卡顿现象。

此外，华为Pocket 2的拍照表现也非常出色。它采用了四摄像头设计，主摄像头为4000万像素，支持80倍数码变焦和OIS光学防抖，能够拍摄出清晰、稳定的照片和视频。同时，它还支持前后双景录像、超广角拍摄等多种拍摄模式，满足了用户的不同需求。

然而，华为Pocket 2也存在一些缺点。首先，它的价格相对较高，对于一般用户来说可能不太容易接受。其次，由于采用内折叠方式，折叠后的缝隙较为明显，可能会影响用户的视觉体验。此外，虽然它的性能表现出色，但是在高负载场景下仍然会出现发热现"
20535378673,5,不错不错，颜值遥遥领先，功能也符合我的需求！我一个大男人都没忍住，希望老婆看到之后不会把这个手机抢走！！推荐各位兄弟快来入手！！
20565318882,5,手机外观设计精美，没有折痕，线条流畅，屏幕大小合适，携带方便，分辨率高，拍照清晰，真是让人爱不释手，一直都用华为手机，支持国货
20569180391,5,"外形外观：作工精致
屏幕音效：音质清晰
拍照效果：效果清楚
运行速度：超级快
待机时间：适中
总体用起来不错，小屏幕方便快捷，手机拿起来轻便"
20537770348,5,"想买一个备用手机，Pocket2折叠手机完全满足了我的需求啊，折叠起来小巧，方便携带。灰色蛮耐看的，大气（日后退给老公也合适😏）
第一次使用折叠屏，没什么感觉不适，用用看折叠痕怎样再来追评"
20536949131,5,"外形外观：外观颜值没得说是真的好看
屏幕音效：屏幕色彩感觉和我的m60p差别不大
其他特色：这款的折痕控制的是真不错，在正常浏览使用手机情况下折痕感知不是特别强。"
20569046948,5,颜值高，折痕很浅很浅，手感非常好，小巧玲珑。快递速度快。个人建议，快递包装用心一些，快递小盒子打开后，就薄薄小塑料袋，口还是开封的，感觉不防震，也不防挤压。快递员敲翘门后就直接放在门口了，幸亏开门时快递员刚刚要下楼。京东快递送货****一直都不错，可能快递员有急件要送吧。
20536098264,5,不容易啊，买华为手机终于带充电头和充电线了。上一个华为pocket1是没有这个待遇的。一直喜欢折叠手机。比较小巧方便放。功能其实次要的。主要还是华为粉。用了两年终于等到pocket2果断下手，运气不错，抢到一台。容量1T终于够了，原先256的容量太小了。这个反应速度明显比pocket1块好多。跟两年前pocket1样的价钱。但是这个总体感觉配置高了很多。这个容量我就很满意。运行速度也满意。其他功能还没看应该不会用的太多。这个副屏小镜子从一开始就没有用过，不知道有啥用感觉对我。
20533987587,5,"外形外观：洛可可白，简单明亮，小巧精致
拍照效果：清晰细腻，色彩丰富
运行速度：功能强大，遥遥领先
其他特色：女性友好"
20621501887,5,手机展开后比想象的大一些，白色很好看，自带了分开式的保护壳。手机麻雀虽小五脏俱全，该有的功能都有了，希望用一段时间后折痕不要太明显。
20545990166,5,"在专卖店看见了就走不动路了，怎么说呢实在是有种喜欢翻盖手机的基因.之前很喜欢P系列拍照是个个称赞导致我手机里几千张照片，这次是在P系列和pocket2里面还是选择了pocket2,唯一之前比较犹豫的是折痕问题，现在觉得这也不是什么问题并不影响视觉的哦，手感质量也是棒棒的。哎，急死了，我要去挑选一个美美的手机壳包包带带啦，谁能拒绝换装play呢！"
20569820627,5,机器外观小巧好看 折叠屏幕痕迹不明显 拍照效果也可以啊 重点是外屏虽小但是功能很不错哦 充电特别快  女生用起来真是不错呀😄
20538022121,5,"颜值极高的大溪地灰，物流超级超级快！你永远可以相信京东，处理器是mte60系列同款900s，日常使用极其丝滑流畅，小折叠首次上了3x长焦镜头，出片效果不错。
这次华为独有的紫外线测试和ai测肤都挺有意思的，目前的遗憾就是外屏功能有些少，希望后续更新可以在这方面发力
总结:仍可继续提升，但依旧遥遥领先"
20531605953,5,等了一个星期终于拿到手了，美美的，女生要的颜值和拍照都给足了，运行也很流畅，国产的骄傲必须支持。折叠屏侧面看还是有点痕迹，不过已经是很好的了。
20537603248,5,"外形外观：大溪地灰真的好看 越看越喜欢 建议男生购买
运行速度：鸿蒙系统和麒麟芯片 非常流畅 打个王者一点问题没有
待机时间：待机时间耗电稍微有些快，比较担心后续点续航问题"
20559201555,5,给老婆买的，喜欢的不得了，刚到手就换了手机壳，不像手机更像个装饰品一样。这次的pocket2，处理器比高通那个778G阉割的好不知道多少，中间的折痕有，但几乎可以忽略，关键是操作丝滑流畅，据她说刷微博，九宫格切图啥的甩水果机几条街，非常满意！
20555168913,5,华为Pocket 2折叠屏手机，设计巧妙，手感出众。显示效果惊艳，性能强劲，运行流畅。拍照清晰，续航给力，值得信赖。
20610635639,5,手机还是挺漂亮的，质感也很好，第一次使用折叠屏手机，感觉折痕也不是很明显，感觉不出和其他手机手感上有什么不同！
20539413558,5,外观挺精致，折叠不占地，拍照效果不错，能检测紫外线防晒，还支持快充，目前感觉就这么多，剩下的等着来追评
20554789395,5,"1.很好看，连上幼儿园的女儿都说好看。
2.折叠痕迹虽说比较淡，但确实还是有，比OPPO FIND N2可能好了一丢丢。
3.用习惯曲面屏的可能会觉得有一点点的不舒适。
4.华为的手机迁移工具很好用。
5.门卡复制很好用，小区的门禁卡是加密的，以前是找人帮忙复制到手机上的，这次尝试复制了下，居然直接就能用了，意外之喜。
6.赠送的500元权益没什么诚意，至少对我来说没啥用。
7.这条和华为无关，网上买的手机壳，很漂亮，但充电口部位设计有问题，不能完全插进去，充不了电，大家买的时候要注意分辨。"
20530727615,5,本来等P70上市，结果还是先下手了小折叠，换掉了mate 40Pro。pocket 2颜值不错，特别是叠起来小巧，适合携带，期待使用感受。
20560654664,5,"三号看到有货下单 预计25号到 但今天9号就到了（要是3.8到了就更好了
 相比于线下或官网最后还是选了京东 1T快点 最后还是选了512g
手机上手挺轻巧 手感上也没头重脚轻 灰色很漂亮挺耐看的 折痕可以说肉眼不可见 太厉害了"
20563312197,5,"作为一名消费者，我最近有幸使用了Pocket2这款产品，现在我想分享一下我的使用体验。

首先，我想说的是Pocket2给我留下了非常深刻的印象。它的设计简洁大方，手感舒适，让我在使用过程中感到非常愉悦。同时，它的便携性也是我非常看重的一点，无论是上班还是旅行，我都可以轻松地将它放在口袋里，随时随地使用。

在使用过程中，我发现Pocket2的操作非常简单，即使是我这样对电子产品不太了解的人也能够快速上手。同时，它的功能也非常实用，可以满足**常生活中的各种需求，比如查看天气、听音乐、浏览网页等。

当然，每个产品都有它的优点和不足之处，Pocket2也不例外。我觉得它的电池续航能力还有待提高，有时候需要频繁充电。此外，虽然它的屏幕大小适中，但对于喜欢看视频或者玩游戏的用户来说，可能会有些不够用。

总的来说，Pocket2是一款非常不错的产品，它的设计、操作简单和实用功能都让我非常满意。虽然它还有一些小缺点，但我认为这些都是可以接受的。我会给Pocket2一个8/10的推荐度，如果你正在寻找一款便携且实用的电子产品，那么Pocket2绝对值得你考虑。同时，我也希望厂家能够不断改进和优"
20567749102,5,"外形外观：外观是最大亮点了，好看的很
屏幕音效：中规中矩
运行速度：鸿蒙比粗粮流畅很多
待机时间：电池不大，续航比一般手机短点"
20566135865,5,"整体感官：机身、边框、转轴盖处精心设计的一体同色，以及极致纤细的折叠腰线，在展开态下，上下机身的颜色和线条设计近乎一体融合般展现。可以说设计和科技融合得恰到好处，既有美学之感又有科技之质。
重点：媳妇爱不释手😄这就足够了"
20557434998,5,一直还在用mate40Pro，已经用了3年，去年手机屏被孩子摔裂了但不影响继续使用，去年mate60Pro一直没抢到，pocket2上市就试试，没想到抢到了，第一次抢到感觉还不急着换就取消订单，但蛮喜欢这款，隔两天又试试看可能再抢到，没想到又抢到了，看来有缘分，就下单了！3月1号发货，2号上午收到，收到后颜值高，这次买的1T内存，再也不用担心内存不够用了！希望品质一如既往
20546835246,5,颜色也太漂亮，咱也是有自己的小柯基了，还挺好玩的，折叠屏确实还是有点弊端的，屏幕摸起来还有有不平整的感觉的，但是谁让这小东西这么好看呢。直接套上自带的透明壳，就已经漂亮的不要不要的了。
20553009157,5,"京东最好的一点就是送货有保障啊，说好的送到时间都很准时，冲着快递服务也是很也OK的。
华为大品牌！品质也很值得信赖的！就是有点难抢，想要512灰色，但是抢不到，那就搞个白色1T的吧。白色手机花纹也很好看，操作流畅，电池续航稍逊色，整体不错，颜狗喜欢！"
20549462627,5,今天终于收到我的新手机了，很兴奋，外观美丽，屏幕手感丝滑，用了一下午，感觉都很不错，唯一我觉得有点遗憾的就是屏幕和镜头不耐脏，手一碰到，就很多指纹。
20653937676,5,颜值没得说，折痕非常浅，充电速度快，但是没注意，充电器居然是66W的，mate60都是88W的，不过也很快了。
20550383267,5,期待了好久的新手机终于到啦，之前在实体店都要预约，最后在京东自己的抢到的，大概三天就发货了，开心😁目前使用上没发现啥问题，符合预期，自带了一个透明壳子
20613596356,5,华为手机做工还是比较精致的，实物很好看！手机反应灵敏，运行流畅，单手操作方便，电池续航能力还可以。另外屏幕中间的折痕从侧面看还是挺明显的，不过屏幕平整度已经算很好了。
20565836908,5,自从上市了就念念不忘，等了一个多星期终于到手啦，白色最好看，适合女生，比之前60pro窄，拿着舒服多了！回头再配个手机链条壳就完美啦！
20617624020,5,"心痒了十天，终于下单了，只有1T有现货，用了13年的苹果，终于换成遥遥领先了，但愿不要让我失望
外形外观：美美哒，就是奔着这颜值来的"
20651346554,5,等了好久，还是入手了。洛可可白真好看，但一直缺货，偶尔来货说很快又售空。卖的真好。外观没话说。克隆手机很丝滑。就是来回切换登录App账号稍稍有点麻烦。整理下午，再拿上新手机了，爱不释手。喜欢就入手吧
20619612333,5,本来对折叠屏嗤之以鼻，看见实物之后觉得痕迹真的不明显，加上可以配各种好看的手机壳实在是忍不住了，果断下手了，可惜送来的时候正好在外面旅游，放了几天才拆，jd可以返京豆也是比较划算，果断抛弃苹果换华为了
20531355659,5,预售第二秒抢到的，之前预计的是三月中旬到货，没想到发货还是很快的。大溪地灰还是很好看的，有点金属感觉，屏幕折痕某些角度还是能看到，整体能接受
20599896862,5,"绝啦 质感很好  是正品 就是充电不知道为什么有点虚  充电接口
外形外观：美 质感美学  
拍照效果：好
其他特色：屏幕大功能强 这个颜色纹理不错
就是手机壳不耐 带上就裂了  
运行速度：12+512 挺快的 很 顺畅"
20651469538,5,心心念念的小折叠，终于到手了，多年苹果的确不太习惯，好在新机各方面都还OK，重点就是美貌，期待国产机越来越好。
20561213094,5,老婆先去体验店看了，体验店1T有现货，感觉容量用不上浪费，价格贵1000不划算，于是京东预约抢购，3号抢到，8号发货，9号一早收到，正好9号老婆生日，原来的P20P用了五年多终于可以退休了，谢谢华为，谢谢京东～😄😄😄
20535029012,5,"外形外观：适合年轻女性
屏幕音效：不错，跟iPhone15比没看出差距
拍照效果：平时用来自拍效果不错。
运行速度：挺快
待机时间：正常使用够一天"
20676059523,5,"外形外观：外形新颖，第一次用这个手机。
屏幕音效：好
拍照效果：效果不错。
运行速度：流程
待机时间：可以
其他特色：大胆，用着用着就喜欢上了这种类型的手机。"
20573788809,5,"外形外观：折叠屏，给女朋友买的，图的就是一个样式好玩，可以搭配手机壳，好看👀
拍照效果：对比上一代🈶提升，对比这两年的旗舰产品，中等水平
运行速度：麒麟9000s，12GB的ROM，日常使用流畅，不过火麒麟容易发热，小折叠机器又散热不好，同比上一代好很多，发热是麒麟9000s通病，续航改善仍然1-2充/天
其他特色：外观具有辨识度，外屏做小屏我觉得是可以的，折叠屏折痕比上几代好好多，具体耐不耐用就不知道了。买了care+，毕竟是美丽小废物，屏幕容易坏，买个保险才安心"
20617636735,5,一直用华为。前几年没5G机型才换其它品牌。这次是用米14换购的。京东补帖给力，爱回收的砍价更狠，99新机插口一条小划痕扣款560。机器质量没得说，小折叠中的顶级。
20637035529,5,"外形外观：美不胜收，对于女生来说，所有的一切都不如这盛世容颜打动人，白色真的漂亮

屏幕音效：折叠痕更微乎其微，正视角度几乎看不出来
运行速度：华为新机，不用说了！"
20624965218,5,"以旧换新：总得找点毛病扣钱，拿到全额补偿很难
外形外观：外观好看
屏幕音效：声音挺大
拍照效果：像素挺好美颜实用
运行速度：玩赛车游戏没有压力
其他特色：折叠方便不占空间"
20573772860,5,"很幸运，大晚上突然看到有货，马上下单，第二天就到了，拆开看了下，除了屏幕有灰，屏幕边框有少许胶之外，其他暂无异常，也不确定是不是别人换货的机器。不过整体使用没有异常，屏幕显示效果也不错，不泛红，折叠手感也还不错，用惯了鸿蒙系统，觉得很顺手。
屏幕折痕方面，息屏状态下，从侧面看，折痕还是明显，从正面看，基本上看不到折痕，亮屏的时候折痕几乎看不出，整体还行，价格略贵🤣"
20624371648,5,"新机到手，先看背图，还好还好，不算丑，不枉我放弃紫色选了它。背面微磨砂的玻璃，手感很好。
外屏没膜，总担心时间长了出划痕，最近打算买个膜贴上。
上一任手机nova5pro，俩一对比，小折叠掉电有点快，充电不便时候甚至都不敢放开用，好在我不常在外面，工位充电也方便。"
20596264841,5,"以旧换新：活动力度很大
外形外观：真的就是纯纯外观就值得购入，强迫症看了也是没什么折痕
本来预计十三天以后收到，结果提早了十天收到，惊喜，手感很不错，图三是实拍，还没买壳，先用几天纯手感的手机，丝滑，目前就是用电比较快，但是充电也快"
20667199325,5,"可以说是颜值非常之高，背面的花纹还有种可以把玩的3D感觉，像是光栅卡（？），小折叠小而精致，送给家长用的，不过还是建议送给女生好一点哈哈哈，男生还是适合大折叠。（主要是手机坏的突然，只有这款能次日达了）
对了，送的保护壳是这种手提款的，后续还是自己又给配了磨砂透明壳。
屏幕音效：折痕显示不明显
运行速度：速度相对较快，但反应感觉没有mate系列和p系列快？
其他特色：精致，小而美"
20628902233,5,颜值到顶了，老婆爱不释手，壳买了一堆，慢慢换着！用了半个月了，折痕不可能没有，但确实很浅，亮屏下正面完全看不出来，侧着看能看到点儿，息屏稍明显些，摸着有凹凸感但完全不影响使用，鸿蒙系统虽不完美但还是非常流畅的，以后只会越来越好！！！支持真正的国产，支持华为，盲订P70！哈哈哈！！！
20565374466,5,"优点
丝滑流畅，拍照好看，日常使用不发热，颜值高
缺点
拍照像素有待提升，再就是放音乐就会有轻度发热的感觉，虽然不卡，但是还是有点不舒服
综合评价
值得买，我喜欢，目前来说具备颜值跟好用的就它了，期待明年的新款"
20676557059,5,"以旧换新：没有以旧换新
外形外观：外形比较奇特，外观颜色有特色
屏幕音效：屏幕不细看看不出折痕，音效不错
拍照效果：拍照效果好"
20574345087,5,"第一次选择购买华为手机，体验遥遥领先。
拍照效果：拍照可以选择自动美颜模式，不用再下载美颜软件。
外形外观：喜欢黑色的质感和外观。
其他特色：最感动的是新机贴好膜，送壳，充电头也不用自己重新买。正在慢慢适应，体验新功能，新手机挺有趣的。"
20539139903,5,看到第一眼就喜欢上了，虽然已经有了遥遥领先但是这款外形太适合女孩子用了果断入手。对比了一下遥遥领先，CPU是一样的，前置摄像头pocket2相对弱一些，但是对于我这种来说区别不大，开机速度挺快运行也流畅，对我来说就够了。待机时间有待观察，总之对于这款颜值就够了
20621566085,1,这才买多久，自带原装充电器坏了了
20588673920,5,屏幕平整度不错，折叠灵活。系统流畅度也不错，荣耀M转过来的，适应度挺好。外形小巧，方便携带。拍照感觉差点儿意思，愿意体验的可以尝试玩玩。。。。
20627533489,5,价格上以旧换新活动力度还蛮大，第一次用华为手机，运行速度反应还不错。一直想要一个折叠手机 华为圆了我的梦 外观确实惊艳。拍照功能很强大 比我之前用的苹果13拍照功能强很多。快充确实很快，不过第一天使用感觉耗电量还是比较快，可能是因为导数据，第二天稍微好一些 但是还是希望续持时间能更长一些。使用了2天，总体还是比较满意
20591883717,5,"外形外观：简约大气有档次的，太好了
屏幕音效：略微有点点折痕，应该是业界最好的了
运行速度：12+512快的没得说
其他特色：5年多了，再次给老婆换个当年的旗舰
拍照效果：后面这个摄像头组和显示屏太牛批了，谁用谁知道"
20572103024,5,大小比较合适，重量也可以，不太重，拿着很合适，折叠效果确实是不错，略厚，紫外线功能不错的，拍照也不错。
20571880762,5,虽然这款手机有美丽的小废物的称号，但是它真的不废物。外型美的不像话，白色很仙气，折痕处真的已经做到很平整了，鸿蒙系统对于十几年果粉用起来也丝毫没有不适应。
20643261035,5,第一次买华为的高端机，感觉用着挺不错的，整体的流畅度呀，还可以从苹果转过来的，刚好参加以旧换新，省了好多钱，感觉拍照应该是没有优化好，现在有点不是很清楚，外观呢，挺不错的，我挺喜欢
20635928925,5,小巧玲珑，方便携带，估计是打动女人的最大特点吧，早上下单，下午就到了，折痕这个东西见仁见智吧，你觉得有就有，没有就忽略，不过用着看起来比店里展示机的好。
20642257859,5,"第一次购买华为这款，外观比苹果手机更大气，只是安卓手机需要磨合磨合。有些不习惯
外形外观：很时尚新颖"
20632273694,5,手机收到后用了快一个月，整体感觉还不错，系统流畅，拍照也不错，折痕处理也比较好，基本看不出来，总体重量也比较合适，希望官方能送个小礼物呗！
20539941563,5,"首发抢购，比预期的到货时间快的多。不知道是不是怕我反悔😂
颜色很漂亮，感觉比图片的还好看点，折叠目前手感也不错，不知道后续使用会有啥问题。刚入手后续使用实际感受再来追评"
20642670704,5,用了有一段时间了，感觉像素不是很好，还有就是手机温度有点高，别的方面挺好的，一直支持国产，希望华为越来越好
20541710870,5,"给女朋友换了新机，确实好看。拍照还有待提高，她不满意的地方就是拍照比起水果差不少。整体而言，算是竖折当之无愧的旗舰了。
以旧换新：补贴很高，算上补贴真的很划算"
20540076236,5,HUAWEI Pocket 2，洛可可白配色充分展现了经典白珍珠的优雅与高贵，搭配珍珠双环的外屏设计，仿若掌心的一颗白色珍珠，曼妙优雅。
20577535002,5,发布会当天一看就喜欢了一直在等的折叠机，终于要的都有了，果断放弃多年的果机，投入华为的怀抱，爱了爱了，希望快快加速各大厂的合作，APP流畅率up up up，没想到转到华为一点没不习惯，用的还挺顺手哈哈哈
20570211853,5,华为手机值得拥有，颜值满满！科技满满！从p30到MateX2再到pocket2啥都不说了，支持国货！国货加油！
20671084340,5,一直想买个小折叠手机，刚好在京东华为自营店看到华为这款刚发布的小折叠，外观时尚，颜色好看，京东快递也给力。
20625500705,5,总体上东西还不错，一次满意的购物，尤其快递和售后，省了不少心。习惯了在京东买东西。希望京东继续提高产品质量和服务水平，继续支持。
20535345353,5,"外观:小巧便携，颜色随机惊喜。
屏幕：中间折痕很淡
运行速度:待测试
待机时间:待测试!
其他特色:随机惊喜背面颜色"
20558937588,5,手机很漂亮，灰色耐看抓在手上特别有质感，低调的奢华感。拍照功能确实强悍，以前用mate30plus照相夜景模式无论怎么调光都是黑的，这手机拍照多功能堪称完美相片。手机放在裤袋里也很方便，继续摸索使。
20569571031,5,"好看好看，喜欢这个紫色，物流也超级快
折痕几乎看不到，对光看才会有一点点，屏幕摸起来也还不错
先用段时间看看怎么样(*&acute;I`*)"
20679413803,5,"外形外观：时尚美观
屏幕音效：音质清晰
拍照效果：特别美，高清效果
运行速度：特别快，无任何卡顿，
待机时间：时间长，充电速度快"
20570691982,5,完美，外型尺寸小巧，看着就像个化妆盒，装包包方便，老婆很喜欢。屏幕分辨率高，折叠没有痕迹，还有电池也耐用，充一次用一天，必须好评，没得说
20571491696,5,"外形外观：外观很美，直击女性审美。
待机时间：续航一般，作为备用机来说一天可以，主力机电池不行
运行速度：鸿蒙系统很流畅"
20530358155,5,"华为手机，质量很好，外观很漂亮，手感也不错，很喜欢。遥遥领先。
华为手机壳质量很好，做工精细，手感很好，用着很舒服"
20578796389,5,外形超级漂亮，爱了爱了，缺点还是很多的，比如续航、手机膜不能自己更换等等&hellip;&hellip;但作为女性，外形漂亮、吸引眼球的东西，会主动掏钱购买的
20560972638,5,"华为Pocket2，一款让人惊艳的折叠屏手机！📱

它的外观设计非常独特，颜值爆表！😍拿在手里就能感受到它的质感，真的很棒！👍"
20564067054,5,宝贝收到咯👌🏻，真的很棒呀！🌈质量真是没话说，非常满意！🆗开心开心😃物流速度真的是没话说，就是一个字：快。商品从外包装来看非常高档，真是一分钱一分货，贵有贵的道理
20616015033,5,这个真的太🉑了，🎁包装很精美，宝贝做工比较精细，商家特别好❤，有问题都及时处理👍，确实是一次相当满意的网购，还会再来的😘
20634112456,5,当时买的时候还在犹豫价格，买来之后一点都不后悔，而且物流还快，可以入手东西质量还可以，快递速度也很给力
20635598761,5,快递收到了，物流很快速，包装很完整，产品很强大，使用很合适，推荐购买，好评好评&hellip;.&hellip;&hellip;
20563167203,5,终于收到我需要的宝贝了，东西很好，价美物廉，谢谢掌柜的！可可爱爱的小狗，预售的时候秒杀抢到的，等了一个礼拜，终于在妇女节当天发货了！
20606750226,5,"以旧换新：以旧换新很顺利，跟网上报价一样
外形外观：很漂亮！不过有点赌石失败的感觉，有一处的纹路有点生硬
屏幕音效：没有苹果显示效果好
拍照效果：一般吧，没有很好，也没有很差
运行速度：很快！非常顺畅
待机时间：使用较为频繁，一天"
20585193632,5,"果粉转华为，已经使用两周 整体感觉很好，开始的时候被颜值吸引，但使用的时候个人有点吹毛求疵，喜欢对比，但两周下来已经完全爱上
目前为止折痕非常小可以忽略不计，
外屏较小基本上没什么可使用的余地，但是可以刷一写常用的app
充电巨快"
20608899259,5,"外形外观：那是没的说，超级超级棒
拍照效果：不是专业人士，不过多评价，但是对于我来说足够用
运行速度：速度快，反应快
待机时间：我是苹果转型的，所以对于电量来说，足够强大
其他特色：为了配这个手机，已经买了N个手机壳了，每天换一个壳，就是买手机壳费点儿钱"
20539103782,5,"外形外观：推出的时候 就一眼的喜欢 
等了这么这么多天终于来了 不管有没有折痕 就是喜欢
华为的老粉"
20647743628,5,手机📱还是🉐华为！一直是用华为手机。这次换一个折叠款，喜欢好看又好用！永远都是华为粉丝！华为继续加油💪
20547678737,5,新品首发，没想到让我抢到了，前两天刚到货的，验证了下那几个码，是正品没有任何问题，相信华为，支持华为
20536756795,5,"不吹不黑，我已是十几年果粉了！但看完发布会开放预售就第一时间下单！很久没有这种购机冲动了！即使我这个大男人也抵挡不住颜值、质感、科技可以并存均衡的手机！
大溪地灰开盲盒，金边线较多，颜值很在线！在这智能机千篇一律的的形态下，还能做出如此质感、潮流时尚的单品，的确不容易！拿在手里就像把玩佛珠手串一样温润细腻！
最后说一句，人无完人，机也没有完美无瑕的智能机！功能是否齐全或者好坏，完全取决个人价值取向，对于我来说，能满足我的使用习惯，特别要赞的是它支持超级隐私保护功能，能物理隔绝摄像、麦克风开启，安全性高！其他功能都没有那么重要，有就可以，不需要太出色！重度使用者就不怎么建议购入！"
20530410045,5,外观精致，性能强大，老婆很喜欢华为的东西，果然名不虚传，遥遥领先。拍照也很清晰，三八节的礼物，老婆特别高兴。国人用国货支持华为，华为就是中国科技的脊梁，支持任老
20581655426,5,"我记得刚参加工作的时候第一台手机就是华为的触屏机（具体型号忘记了），那时候是用自己的工资买的，很骄傲很踏实。现在已经过去10年有余，华为的科技进步让我敬佩也惊叹。我从来没有那么喜欢过一台手机，对于pocket2的爱真的无可比拟。从它的外观做工款式都长在我的心尖上，搭载着鸿蒙系统，用起来更畅通无阻，也很符合我个人的使用习惯。这次比较特别的地方是最得我心&mdash;&mdash;那就是外屏，它竟然可以用微信读书和冥想，不用每次都打开内屏。
对于这次的购物体验，心情就像坐过山车一样，每天准时抢购都抢不了，突然有一天下午，随意点开，没想到就买到了，真是意外之喜。直到最后收到这台机子，上手之后真的爱不释手，小巧可爱又好用，拍摄清晰，足够日常使用了。电池虽然一天两充，但完全不影响我对它的喜爱，折痕更不用提，超级平整！！"
20562166416,5,家里人都选择华为手机，这次的pocket2一看就喜欢上了，果然抢了一台，白色的外壳非常丝滑，颜值很高，虽说是折叠屏，但是也看不痕，很满意，
20531775517,5,华为新机，颜色洛洛克白色，外观更漂亮，使用非常丝滑，小屏折叠，时尚感很强，一款女士使用的好机。送给老婆，换下她使用的mate 40 Pro。其他的等用一段时间再说了。
20546131178,5,"性价比好，质量太好看，外观大气上档次，颜值超高👍，很喜欢，大溪地灰纹图案太美了，真是女人必备。
拍照效果：清晰，真实。
外形外观：漂亮大气"
20528472264,5,作为一个p50 pocket的老用户，等这次换代等太久了，麒麟归来以后，华子也没藏着掖着，直接上了当前最好的硬件配置，没看发布会就打算定了，这次最大的惊喜就是这个大溪地灰配色，简直太漂亮了！！！保留双环设计好评！折痕堪称完美！！拍照什么的华子根本不用担心！！！非常完美，你永远都可以相信华子！
20532848104,5,"外形外观：完美的洛可可白配色
屏幕音效：显示效果完美，感觉不到有折痕
拍照效果：拍照还是华为一贯的高品质
运行速度：自家处理器配合鸿蒙系统，堪称完美
待机时间：第一天，待机时间有待后期验证
其他特色：超级喜欢"
20528846502,5,第一时间入手8999顶配版，送老婆的三八节礼物，洛可可白的花纹大爱❤，开盲盒的感觉，每部都不一样，原装送了透明壳，折叠无痕。紫外线检测妇女之友，折叠后和小香特别配
20561813355,5,"外形外观：pocket 白色瓷砖最漂亮 直接入手就对了
屏幕音效：音效非常好
拍照效果：完美 华为的拍照肯定遥遥领先
运行速度：非常快 就是会稍微有些发烫 但是降温也很快
待机时间：至少两天吧
其他特色：从iPhone果粉转花粉 这辈子都华为了 没说的了 华为交易"
20531255785,5,开箱后一眼惊艳，黑色素皮触感细腻，防滑性能很好，不用再另配磨砂手机壳了。折叠屏是真的顶，任意位置悬停，完全展开后折痕微乎其微，阳光下显示效果依然清晰。这次华为开年直接一记王炸，吊打一众其他小折叠屏，不愧是遥遥领先。
20611453136,5,"外形外观：外观非常好看，第一次用折叠屏手机，新鲜感满满
屏幕音效：屏幕的折痕比较浅，比我想的要好得多，可以接受
拍照效果：拍照的效果也很好，但是我不太爱拍照，这效果给我有点当浪费了
运行速度：运行速度没得说，非常流畅
待机时间：目前还没有用到没电过，毕竟是新的，电池一天肯定是没问题的"
20536229289,5,在白跟灰中犹豫挺久，最后选了灰，感觉特别一些，而且灰色远看图案立体感强些，有质感些。今天收到试用了一下很满意，手感很赞，大小也是我喜欢的，满意🥰🥰
20614770305,5,爽啊，盼了好久啊，老婆很喜欢。终于等到了。流畅的很，拍照也很好。颜值啊，太喜欢他的颜值了。一如既往的支持华为，希望华为越来越好。
20533848032,5,"外形外观：大溪地灰很漂亮，折叠小巧。
屏幕音效：屏幕亮屏基本看不到折痕，比上一代好太多。
拍照效果：拍照效果满足，比在用的p40 pro要好。
运行速度：系统流畅，期待更新纯血鸿蒙。

发热情况：下载更新软件后有发热，希望时常使用不会有影响，后续使用再补充。"
20529046875,5,开机非常快 质感很不错 给老婆买的 大溪地灰的配色非常特别 她非常喜欢
20585608253,5,"外形外观：可以折叠，设计得非常漂亮。
屏幕音效：屏幕大，音效很好，立体声。
拍照效果：很棒，折叠状态也可以拍照，很方便。
运行速度：飞快，不卡顿，安装软件很快。
待机时间：较长，充电很快。
其他特色：折叠后，携带方便。配置强大。"
20531916695,5,在x5和pocket2中选择了最美的大溪地灰，幸运在发售第二天就收到了，阳光下的颜色真是太绝了，铰链很坚硬，几乎看不到任何折痕，手感真的很好，很轻薄，摸上去和直板机一样，闭合后严丝合缝。外屏主题小柯基也太萌了，超爱超爱！
20555434872,5,简直太棒啦！满满的仪式感！手机背面最好看，有三维浮雕效果。主屏很平整，结合部用手可以摸出来轻微起伏。手感一流，外屏特好用！完美！
20533077440,5,两天前抢的机子，今天惊喜收到！！！包装完美。首先颜值是惊艳的。花了一个小时左右克隆回有用信息，真的很佩服华为的强大！拍照非常清晰，画面清晰，中间的折痕是会有一点，不过我认为是可以忽略的，最重要的是，她可以折起来！她，就是一个艺术品！我很满意！
20532524936,5,本次华为的pocket2质感是真的好，本次手机折痕也不会太明显，外观简直太好看了，还有防晒检测功能，简直太适合女生使用了，会一直支持华为
20530811746,5,大溪地灰的配色很惊艳，很精致，握感舒服。折痕处理的很好很满意，拍照什么的更不用说了，最关键的是老婆很喜欢，这就很值了
20532194420,5,遥遥领先，遥遥领先，开箱就被惊艳到了，手感舒适，折屏无痕，背部纹理漂亮，系统丝滑，确实很好的一台折屏手机!!!!!!
20558194749,5,华为Pocket 2的外观设计简直美哭了！它采用了精致的工艺和独特的配色，给人一种高贵而不失时尚的感觉。入手的白色，工艺也是很亮眼的。而且性能也是相当给力！这次使用了华为最新的处理器和大容量电池，无论是日常使用还是玩游戏都能轻松应对，完全不会出现卡顿或者电量不足的情况。最令我惊喜的是，这次折叠屏技术也非常出色！它采用了最新的柔性屏技术，展开后可以拥有更大的屏幕，带来更加震撼的视觉体验。而且，折叠起来的手机体积小巧，携带方便，真的是兼顾了大屏和小巧的完美结合！
20603903627,5,"外形外观：非常漂亮。折叠和展开都很好看，占用空间又很小，非常方便携带，而且可以自己变行为支架稳定的放在任何平面上。
运行速度：极快 刷刷的。这个CPU配置远超日常应用的水平，各项APP  打开非常快。
拍照效果：拍照清晰 ，还有三倍光学变焦。
京东自营，售后服务有保障且响应非常及时。"
20532754829,5,"感觉好看
外形外观：好看好看好看好看
屏幕音效：屏幕很丝滑，一点折痕都没有，特别好
拍照效果：我特别清晰，特别清晰
运行速度：速度也挺快
待机时间：时间还不知道，才到手
其他特色：看上去还不错，整体来说比别的品牌的折痕要小的一点，手感也挺好，后面的大希地话跟有种磨砂手感"
20551218986,5,作为生日礼物，在大溪地灰和洛可可白中间纠结了好久，终于下定决心买了洛可可白，收到的速度也很快，实物真的太美了，狠狠的戳中了我的审美，再配个美美的手机壳，完美~
20578115489,5,送给男朋友的  他很喜欢没有告知他 买了手机  选的颜色 他也好喜欢 哈哈哈哈 生怕交手机的时候磕坏了 被别人手机碰了 还买了一个盒装起来 笑死了 手机真的好好看 好好看！
20528619914,5,"外形外观：小巧便携，颜色耐看。
屏幕音效：显示艳丽，折痕很淡，希望时间长了不要太明显
拍照效果：很满意，完全够用
运行速度：速度飞快
待机时间：才到手，还没来得及测出，不过华为一贯比其他品牌耐用！
其他特色：折叠处的小logo很赞"
20536903765,5,"高颜值，太喜欢了。大溪地灰颜色高大上。
高配置，摄像头太惊喜了，对于爱拍照的真是爱了。
内存够大，不怕内存不够了。
充电器66w充电速度超级快。
值得所有人购买。"
20532543349,5,等了好久终于收到货了，翻盖小巧喜欢，款式好看，喜欢用华为手机，手感好，系统用着流畅，超赞
20530472330,5,"外形外观：买的洛可可白颜色，到手后非常惊艳，折叠屏在非黑色背景下几乎看不到折痕，黑色背景下折痕不明显
屏幕音效：屏幕素质很高，大屏看起来舒服
运行速度：华为最新系统较为流畅，使用国产顶级芯片，遥遥领先
其他特色：折叠后拿在手里放在口袋很方便，后边有小屏可以设置图案或者需要的功能，超光谱摄像头可以自拍检测防晒涂抹效果"
20539966548,5,"外形外观：外观颜色磨砂质地白，条纹非常耐看，有种珍珠的感觉。
屏幕音效：屏幕折叠处很贴合，而且，折开来屏幕效果尺寸显示很不错。👍，华为出品必定精品。
运行速度：芯片中国心，可以，大大的点赞👍。麒麟YYDS"
20546478960,5,"外形外观：非常好看，老婆很喜欢，戴上新买的壳非常有感觉
屏幕音效：基本没有折叠痕迹
拍照效果：效果很好很清晰，ps也很顺手
运行速度：快就一个字
待机时间：时间确实有一定提高"
20529779882,5,"外形外观：折叠后小巧，展开后比我原来的mate 40pro屏幕还大一圈，真不错。颜色也很有特色，太适合女孩子拿啦！

拍照效果：朋友看到就拿起拍照，色彩像素真不错，而且小屏幕也可以滑动启动拍照！

其他特色：克隆后使用了几小时很流畅，特地买了1T大容量，应该可以用好久了哦！"
20528993372,5,"HUAWEI Pocket 2|正合我意
太可愛了！颜值高，可玩性强，可以换很多的主题，手机壳也很多～有一些手机壳像迷你包包一样，超好看！
充电也挺快的，便于携带
超小一个，折叠后巴掌大小，大小和厚度跟一盒气垫差不多，整体看超精致而且手机还挺轻的。屏幕毫无折痕，正面侧面看都**整整！个人超级喜欢洛可可白，很美很有质感！
谁能拒绝这个时尚单品呢！"
20533635024,5,折腾一晚上终于把数据都倒过来了，以后还是用华为不换品牌了，确实是精致，手感很好轻薄，大折叠用起来太累，还是用这个舒服，电量很足，折痕确实轻，看不出来，我看都是买给老婆的。就我这个老男人在用吗
20559596755,5,给老婆买的38节礼物，真的是相当惊艳！手感无敌，而且2代的折痕几乎看不到，送的透明手机壳也很有质感，无敌了
20582929041,5,"外形外观：很漂亮
屏幕音效：相当不错
拍照效果：遥遥领先
运行速度：非常流畅
待机时间：超长待机
其他特色：完美哈哈哈"
20647608323,5,"用起来很好，
外形外观：好看
运行速度：华为的处理器可以的。
折叠痕迹很棒"
20538784479,5,"3 月 2 日下单，3 月 4 日收到货，物流发货速度非常快，减少了焦急的等待。
外形外观：在线下实体店看到了，就很喜欢，特别喜欢洛可可白的花纹和颜色，外观设计细腻，屏幕纤细，适合女孩子使用，再加上翻盖折叠，爱不释手。
拍照效果：拍照效果感觉更加自然，自然光感，拍照更加真实
运行速度：运行流畅，完全不卡顿，屏幕画面清晰明艳。
其他特色：充电速度很快，表现优秀。"
20530755726,5,"续航给力， 拍照清晰，运行畅快，
物流超级快，手机机身很轻薄，折叠起来小小一个，还没巴掌大，开合很顺滑，侧看真的没有折痕！！遥遥领先，大地溪灰的设计nice！充电也是无敌快，太爽了！！"
20532720260,5,1和2对比一下，造型和使用感更好啦，拍照效果比以前好多了，折叠起来很丝滑。以旧换新，家附近有门店，旧手机回收很方便，还有补贴。白色手机是首选
20535806681,5,赶在生日之前终于收到了华为Pocket 2这款小折叠手机，设计灵感来自大溪地黑珍珠的&ldquo;大溪地灰&rdquo;配色太惊艳了。配备了50MP的主摄OIS F/1.6、12MP的超广角微距、8MP的长焦OIS 3倍光学变焦、2MP的超光谱和10MP的前置摄像头，简直是居家旅行自拍美拍的大利器。内屏为6.94英寸的OLED直屏，外屏为1.04英寸的OLED圆形外屏，还支持防晒紫外线强度检测。内置4520mAh的电池，支持66W的有线充电和40W的无线充电，也解决了我的续航焦虑。双向北斗卫星信息功能，更是能避免意外发生后的救援意外。设计、技术、屏幕和搭配等方面的&ldquo;遥遥领先&rdquo;，一款值得购买的折叠屏手机，你也值得立刻拥有吧！
20536897234,5,"成功介绍华为给老婆使用，放弃苹果。这款折叠机颜值很好看&hellip;（一直想买小折叠，去年就在盼出个5G的终于来了&hellip;）
以旧换新：卖掉苹果
外形外观：很喜欢洛可可白
屏幕音效：很好
拍照效果：还需要进步啊&hellip;
运行速度：很好
待机时间：充电快
其他特色：华为遥遥领先"
20607032299,5,"外形外观：时尚，手感非常好！
屏幕音效：想要无痕，那你就别买折叠屏，想用折叠，就别嫌弃折痕，已经算是很浅了，音效没的说。
拍照效果：非常好，足够用了。
运行速度：超级流畅！鸿蒙杠杠的！
待机时间：还行，白天中途得充一次。"
20614410786,5,从苹果手机转过来，被这款折叠手机吸引，外观设计很好看，女生觉得还是洛可可白的好看经典。目前折叠还是小心翼翼的，希望这个折叠屏能用住。电池普通使用能用一白天，高频使用得及时充电了，但充电确实很快。目前用着还在新鲜感中感觉还不错，都说华为手机的信号很好，和手机其他功能正在试用、发现中。
20529246001,5,洛可可白也太好看了，质感也很舒服，跟一代的质感不一样，是带磨砂感的肤质触感，摸起来爱不释手，舍不得戴手机壳了
20550286628,5,宝贝收到了，太惊喜了，质量非常好，性价比很高，真是出乎我的意料！物流很快，👍产品很快就收到了，比想象中还好，不错不错！希望能耐用到货就迫不及待打开了，果真没有让我失望，质量特别好，颜值也相当高，满意的一次购物
20606704436,5,"外形外观：很漂亮，打开也很平整很浅薄
拍照效果：主摄像头自拍很赞，毛孔都能看清楚，美颜柔和不突兀
待机时间：一天多没问题，充电还特别快，不到一小时就能充满"
20558789118,5,"外形外观：非常漂亮
屏幕音效：挺好
拍照效果：非常清晰
运行速度：流畅
待机时间：不错
其他特色：希望没有折痕，用的住，一如既往支持华为"
20550095741,5,"外观：竖折叠屏，洛可可白，外形满分💯，女生最爱。
性能：与mate 60pro同款麒麟9000S处理器，流畅、线性，对不玩大型网游的机友绝对够用！
拍照：成片不错，折叠屏里遥遥领先！
其它：相当OK！"
20539333378,5,"心心念念终于到货啦，对手小的女生真的很友好，颜值党无法抗拒就得冲。
大溪地灰，高冷调调，就是这个赶脚。
重要的事情说三遍：支持国货，支持国货，支持国货，国货之光！"
20788231326,5,"以旧换新：这个服务很棒，不仅处理了旧机器，还有补助
外形外观：外观没话说，尤其是对女的
屏幕音效：屏幕显示很细腻，刷新频率也很好，音效很棒
拍照效果：拍照很好看，还有化妆模式
运行速度：速度很快"
20532619509,5,"的确遥遥领先！非常好的手机，的确是折叠屏的天花板，一直用华为手机，非常好用，现在把用了3年多的mate40保时捷典藏版换成这个，同样非常好用。
1外形外观：一个字，薄,折叠起来小巧
1拍照效果：不输换下来的mate40rs
1待机时间：正常用，一天够用
1其他特色：高端大气上档次好看精致"
20528717017,5,华为的外观设计真的没的说，这个颜色非常有高级感，机器折痕几乎看不到，手摸上去非常平整，拍照效果暂时还没测试，但是有三倍光学变焦应该差不了，这次连防水和无线充电也加上了，完全可以和直板旗舰机比了
20565120145,5,本来说是3月25号以后才能送货，今天就收到了，老婆看到实机太喜欢了。pocket2打开可以说是0折痕， 手感也非常好，很方便不用打开就可以听歌拍照看信息，支持华为，加油！
20530526394,5,跟着看了发布会之后过来抢的，这个展开真的没有凹槽，背面也超级漂亮，作为pocket50的老用户，用的很顺手，等新款等了好久，终于等到了，还是果断选了这个设计，携带方便，本身很轻，颜值也高，内存也不用谨小慎微的省着用了，就是牺牲了些电池的存储量，希望下一代电池可以继续提升，会一如既往的支持
20563505720,5,"外形外观：很清新，适合女生
拍照效果：好，小屏幕好用

屏幕音效：屏幕基本没责任
运行速度：快，流畅

待机时间：时间阿长
其他特色：换机快"
20533367059,5,太太一直很喜欢我之前给她的pocket，这次出了二代就入手更新换代。发货速度很快，开箱后感觉很惊艳，珍珠外观非常吸睛出彩，比一代要薄，做工更精致，显示效果更好，而且折痕会淡一些。和华为其他高端产品相比，一代的相机相对没有这么强，但是二代的相机进步很明显。这样的购物体验很满意，期待华为后续的产品。
20532907261,5,"以旧换新：回收价格很给力
外形外观：外形好看
屏幕音效：效果很好
拍照效果：拍照无敌了
运行速度：运行速度快
待机时间：待机时间长
其他特色：折叠屏幕很好"
20531172004,5,这个手机真牛啊，折痕几乎看不出来，外观设计精美，机身图案很有艺术感，拉花超级好看，手机运行流畅，画质清晰护眼，太满意啦！
20529856998,5,"外形外观：女神最爱，折叠起来太漂亮了
屏幕音效：折痕非常不明显，做工太棒了
拍照效果：拍照功能相当强大，自拍更是美美的！"
20752859426,5,用了快2个月，挺好的，充电速度很快（30分钟就可达100％）。支持华为，运行速度很丝滑。拍照功能挺多的，外屏很好看，可设备电子小动物。
20683537465,1,原装充电器充一半容易自动断开，客服也没回复
20535783540,5,终于拿到了女朋友最喜欢的大溪地灰色，遥遥领先，非常漂亮的一台手机，功能强大，支持国货，手机响应速度快，一直使用华为手机，资料传输方便，紫外线监测也好用，反正就是好评哈，无敌哈哈哈哈哈哈哈
20531825581,5,外观太太太美了！去实体店看了实物后立马下单购买，这个颜色真的深得我心！硬件配置也超出预期，把上一代的缺点全弥补了，收到后没失望，手机很惊艳，上手质感滑溜溜的，拍照也很清晰！鸿蒙非常流程！不愧是遥遥领先！支持华为！都给我冲！
20543105936,5,嗯，用起来手感特别好，画面也很顺滑。音质也特别好。就是贵了点，跟我的台式电脑几乎一个价。总的来说还是很棒。华为加油！
20557047340,5,老早就抢到手机了，不过发货实在有点忙，比较机器火，也能理解；整体质感很好，超过预期了，并且拍照效果跟自己用的mate60比也差不到那里去，还是很满意的，并且手机折痕也不明显，爱了爱了
20531754352,5,"外形外观：很好看 老婆很喜欢
屏幕音效：屏幕很好 基本看不到折痕 音效也不错
拍照效果：相当完美"
20602077874,5,颜值很高，折叠后很小，打开很长，一个手有点难操作，苹果13换过来的，第一次用华为手机，还没适应好，拍照没有苹果自然，来信息后的信息提示不明显，常常会忘看信息（气泡信息提示已开启），原装充电很快，折痕黑屏时候侧看比较明显，亮屏时候不会看见折痕，很厉害了，纯纯看中了颜值买的，发货也不用等很久，预计25号发货，15号发16到手了。
20529822830,5,"外形外观：没的说，已经超越手机本身了，就是个时尚单品。

拍照效果：这摄像头太耐玩了，非常有意思，对人物的刻画逐足以见得华为的功底。

待机时间：一整天你担心续航，充电速度也是足够快，无线都40W了，下车就满电。
就冲华为涅槃，就值得所有人尊敬和购买。
中华有为！"
20530570193,5,"作为一名消费者，我非常荣幸能够使用这款手机。在使用过程中，我发现这款手机有许多值得称赞的地方。

首先，手机的外观设计非常时尚，线条流畅，手感舒适。屏幕大小适中，分辨率高，无论是看视频还是玩游戏，都能提供出色的视觉体验。

其次，手机的性能非常强大。搭载了高性能处理器和大容量内存，使得手机运行速度非常快，多任务处理能力也相当出色。同时，电池续航能力也相当不错，正常使用情况下，一天下来电量依然充足。

此外，手机的拍照功能也让我印象深刻。配备了高像素的摄像头，无论是在光线充足的环境下还是在暗光环境下，都能拍出清晰、细腻的照片。

总的来说，这款手机在各个方面都表现得相当出色，无论是性能、外观还是拍照功能，都能满足我的需求。我强烈推荐给大家，特别是那些注重手机性能和拍照效果的用户。同时，我也希望手机厂商能够继续保持创新，为我们带来更多优秀的产品。"
20532444365,5,"外形外观：外形时尚，握在手里质感满满。
屏幕音效：声音非常好听，小屏里动画头像好可爱。
运行速度：运行速度很快。
待机时间：刚开始使用，还没有完全体验到，试用了一下感觉应该下电挺快的。"
20553208890,5,"作为一名消费者，我最近有幸使用了华为Pocket 2,这款手机给我留下了深刻的印象。

首先，我想说的是，华为Pocket 2的外观设计非常出色。它采用了时尚的折叠设计，不仅让手机看起来更加精致，而且也方便了用户在不同场景下的使用。我个人非常喜欢这种独特的设计，感觉它既实用又时尚。

在使用体验方面，华为Pocket 2也给我留下了深刻的印象。它的屏幕大小适中，无论是浏览网页还是看视频，都能提供出色的视觉体验。同时，它的电池续航能力也相当强大，即使在连续使用的情况下，也能保证足够的电量，这对于我这样经常在外的人来说非常重要。

此外，华为Pocket 2的拍照效果也非常出色。它配备了高像素的摄像头，无论是在光线充足还是光线较暗的环境下，都能拍出清晰、细腻的照片。这对于喜欢分享生活的我来说，无疑是一个非常大的优点。

总的来说，我对华为Pocket 2的评价非常高。它不仅拥有时尚的外观设计，而且在性能和拍照效果方面也表现出色。我强烈推荐这款手机给那些寻找一款既实用又时尚的手机的消费者。同时，我也希望华为能够继续保持在手机市场的领先地位，为我们带来更多优秀的产品。"
20529269078,5,收到手机了，老婆非常喜欢，早上六点发货，晚上就收到了，物流速度非常快，手机颜值没得说，只能喊一句:遥遥领先！这才是国产高端旗舰！！！支持国货！！！
20683828581,5,"以旧换新：旧手机一直闲置，没想到可以废物再利用，抵扣购机款划算。
外形外观：外形小巧，大溪地珍珠灰非常有范儿；
屏幕音效：屏幕清晰，音效好
拍照效果：照片清晰，拍照效果杠杠的"
20600575841,5,"外形外观：非常棒，特别符合我的审美。
屏幕音效：屏幕清晰，音效响亮，听音乐也不错。

拍照效果：华为拍照值得信赖。

运行速度：12+512的GB运行速度很快，丝毫没有觉得卡顿。
待机时间：一整天的时间足够用了。

其他特色：权益礼包很不错。"
20560477567,5,手机太精致了，爱不释手，收到啦，很不错，非常喜欢，值得购买，(*^__^*) 嘻嘻&hellip;&hellip;特别特别满意，超级好看，客服很有礼貌，很客气，良心商家，支持！
20540632174,5,"外形外观：大溪地灰真的太好看了，我是男生，但是很喜欢折叠屏，x5又太大了，还是喜欢这种小巧精致的。之前mate 60一直抢不到，这次终于抢到了。
运行速度：很流畅，比我的骁龙p50pro好多了，遥遥领先！"
20684397453,5,首先，我被手机的颜值所吸引。它的设计时尚而精致，无论是在手中还是在口袋里，都能给人一种高端的感觉。此外，手机的屏幕清晰，色彩鲜艳，让我在浏览网页和观看视频时享受到了极佳的视觉体验。在使用过程中，我发现这款手机的性能非常出色。它的操作流畅，无论是打开应用程序还是进行多任务处理，都能轻松应对。同时，手机的电池续航能力也相当强大，我可以在一天的正常使用中不用担心电量问题，总的来说，我对这款手机非常满意。它不仅拥有出色的设计和性能，而且使用起来非常便捷。我强烈推荐给那些正在寻找一款高品质手机的消费者。如果你正在考虑购买手机，那么这款绝对值得你考虑。
20616605188,5,首先，非常非常的帅气，其次，非常非常的骚气。屏幕基本看不出折痕，手机超薄，速度非常快，20号抢的，24号就到手了！非常奈斯，遥遥领先！
20541479787,5,3月2日下单，今天就收到了，快递很给力。手机速度流畅，手感很好，。
20608084037,5,观望了一段时间，觉得没毛病挺好的，从mate60pro换过来，颜值的确很高呀，白色非常喜欢，手握着舒服，快递到货很快满意
20528936186,5,颜值无敌了好吧，非常的漂亮，手感非常好，小折叠屏携带也非常方便，最最最关键的折痕基本没有，这么太厉害了
20610429054,5,Pocket 2 便携式 4K高清智能美颜运动相机 小型防抖vlog全景摄影机大疆口袋相机确实很OK的，卓越的外观设计风格，质感蛮不错的，我好几个朋友是用的这个，我自己也是才购不久的，也是听他们讲的，说是可以，后来就购了，结果没有失望
20761458860,5,一直想买一件折叠屏手机，没想到这次被华为这款种草了，预售开始就果断拔草了，使用的感受是真的很优雅，很女孩子，很精致，触感也非常灵敏，有一说一，除了电池续航略逊色于iPhone，其他的都很优秀！女生买电子产品就是，颜值即正义！所以喜欢就下手吧，时尚单品就在手了！推荐白色！耐看！
20535439385,5,太惊艳了，时隔多年被这个小可爱拿下，大溪地灰颜色特别，系统速度很快，很是顺滑，太值得入手了
20541061067,5,"颜值没得说，一直使用苹果，mate60出来的时候都没想换，pocket2一出场直接被迷住，真的被死死拿捏
折叠屏感觉做的很好，使用时感觉不出来
支持华为"
20541551866,5,pocket2手机，女士的首选，给老婆买了洛可可白，颜色真的很好看，手感也不错，拍照系统依旧强大，说实话买这个手机很少去看产品参数，还是依旧遥遥领先，喜欢这款手机，推荐购买
20696263344,5,颜值太高了，使用很流畅，屏幕中间看不到折痕。真不愧是口袋手机，太方便了，折叠起来，不占地方。
20545950211,5,特别好看 质感特别好，拿在手里很有分量，大溪地灰很高级，每个图案都是独一无二的。而且新款折痕也不明显。画质也很清晰。喜欢！
20660119602,5,大溪地灰，并没有想象的灰，挺好看，屏幕折痕基本看不出来，很棒，性价比也很高。
20537322466,5,今天终于收到了心心念念的手机23号预定的 特别棒 开盲盒开到了自己喜欢的花纹 特别好看 身边人都陆陆续续转为华为 外观精致 女生拿在手里非常轻薄 便于出门携带 中间无折叠痕迹 非常不错 拍摄及信能也特别不错 非常流畅 会给身边人强推 哈哈哈 想再试试充电器 期待！
20546890251,5,心心念念的华为到货了，外观满意、手感满意。防晒监测是女生的贴心服务，华为的人性化到位了。折叠后非常剩空间，女生再小的包包也能放，打开后又是超大屏幕，清晰度遥遥领先！看剧不再皱眉。值！👍
20601825602,5,等不到256G了，好不容易抢到洛可可白的512G，给妈妈用的，不愧是华为，真的很能拿捏住女性用户，华为实在是太懂了，是理想中的产品，质量不错，物流也很快，值得点赞。
20680234923,5,可爱的小废物，确实很不错，很好看，很喜欢，尤其前面那个，可以设置，照相确实不如mate60PRO，是刚刚买了mate，换过来的，反正很喜欢
20531127543,5,哇塞，这款手机很哇塞，拿到后开心到爆，手感超级无敌哇塞，外观设计太爆了，折叠后小巧精致，视觉冲击太大，拍照效果无敌哇塞，运行超赞，手机备份那叫一个速度，待机OK👌，预售也能这么快拿到手👋开心哟！坐等我的可可爱爱的手机壳啦！！
20563234692,5,"后盖的裸眼3D效果简直太神奇了，任何视频和照片都无法呈现，简直去线上看看就明白了！！！
折痕也很惊喜，这代非常淡，基本上看不出来！！
整体机器折起来非常漂亮！"
20530730151,5,"京东的速度永远不让人失望！一大早就送过来了
华为折叠果然绝 &hellip;&hellip;质感好极了！大溪地灰果然没有选错
屏幕真的一点痕迹都没有，棒棒的"
20531587788,5,手机颜值很高，折叠机会没有痕迹，系统很流畅1大溪地灰非常好看，鸿蒙系统必将成为第一操作系统
20693230172,5,"手机很喜欢，很好看，自己送自己的礼物。
手机外观设计非常时尚，线条流畅，手感舒适。屏幕大小适中，分辩率高，无论是看电视还是玩游戏体验感都还可以。手机轻薄小巧方便，电池容量适中，屏幕色彩清新。"
20529084011,5,遥遥领先，手感不错，老婆很喜欢，直接 1T，折痕基本没有。我都好喜欢。
20547217821,5,没想到发货这么快！！一大早就迫不及待去网点直接取件了！！这部pocket2是真的颜值超高啊，超级轻薄，折痕也非常不明显，华子的审美真的永远不用担心
20543258243,5,很好，时尚美观，简洁大方，遥遥领先，妇女节最好的礼物，给老婆用很喜欢！很高兴抢到了
20532287567,5,没想到这么快就到手了，老婆很喜欢，我看了也比较满意，没入手的小伙伴抓紧入手吧！遥遥领先！奥利给！
20567936200,5,配送很快，东西很漂亮，买给老妈的，非常喜欢这个石纹的白色，而且手机不宽，一只手就可以玩了
20585229155,5,华为 国货之光，高颜值，高品质，一分钱一分货，材质外观和质量一看就很上档次，非常喜欢ʜᴀ͟ᴘ͟ᴘ͟ʏ𝟙𝟘𝟘推荐购买，尤其艺术定制版 颜值担当，为首选手机📱
20560311661,5,屏幕折痕很浅，机身工艺精致，开合顺畅。旗舰机型使用流畅度很棒，希望屏幕耐用一些。
20531556851,5,苹果十年用户受够了挤牙膏，换了一年索尼卡的不要不要的，一直在等华为出这样一款高颜值，高流畅，高性能的手机，还是折叠，拍照效果出奇的好，完全不输索尼效果，零件是好零件，真的得在华为手里才能发挥出极致水平！用咱国产零部件做的也比他们卡脖子的东西效果好！折叠屏折损率也大大降低，已经当做主力机用了！男生推荐买大溪地灰，女生洛可可白吧！这么多年终于遥遥领先了一把，开心！请不要过度说成女性手机，我一男生也喜欢😅
20540835396,5,今天终于收到洛可可白太好看，手感舒适，物流发货及配送速度很快，配送员服务态度很周到。
20531251091,5,大溪地灰配色十分漂亮，折痕相比上代很浅，新增了无线充电，摄像方面也有不少提升
20541498101,5,"刚下单，第二天就发货了，哈哈，作为38节礼物送给老婆。
刚刚偷偷试了一下，开机速度，翻页速度速度杠杠的，比我这老苹果好太多了，期望性能一直这么稳定"
20753535889,5,华为Pocket 2，一款令人惊艳的折叠屏手机！独特的设计让它在众多手机中脱颖而出，其折叠后的便携性更是让人爱不释手。屏幕展开后，超大的显示区域带来震撼的视觉效果，同时保持了平整的显示效果。性能方面，它搭载业界顶尖的配置，无论是日常使用还是玩游戏，都能轻松应对。最重要的是，它的拍照效果也非常出色，无论是风景还是人像，都能拍出满意的照片。总之，华为Pocket 2是一款集时尚、便携、性能于一体的优秀手机！
20608240860,5,这个外观真的是爱了。很早就关注小折叠，一直没遇到合适的，比如自己要求的双卡双待，无线充电，上网快等。这次pocket2一出，都满足了，毫不犹豫就下单一个。已经被很多人种草了。洛可可白不挑壳，爱了。
20531192539,5,"颜色和造型很赞，一打开很喜欢。然后折痕还是有一些的。
值得，体验过ov三星的感觉质感都没这个好，尤其是喜欢小折叠的用户可以冲，华为的折叠屏感觉越来越好了。"
20541592219,5,给老婆的生日礼物，老婆爱不释手，操作流畅，拍照效果极佳，质感很好，非常惊艳，强烈推荐！
20553767474,5,外观时尚大气，打开屏幕时完全没有折痕，操作非常流畅，非常喜欢！
20657817537,5,"外形外观：漂亮好看。屏幕音效挺不错。
拍照效果：拍照效果很不错。运行速度还不错，待机时间还不错。。。。"
20561546668,5,京东太棒了，预计25号发货结果9号就发货了，今天就收到货了，手机非常棒。折痕也很小，背屏也很可爱，折叠起来很小巧，也很轻巧，很棒的手机。
20616865553,5,"前几天买了mate60pro,这次给老婆买的pocker2。华为的pocket2质感是真的好，本次手机折痕也不是很明显，外观简直太好看了，还有防晒检测功能，简直太适合女生使用了，会一直支持华为"
20548065787,5,拿到手机马上就开机用了，大溪地灰真的好看，前置测防晒功能也很好用，立马果粉转花粉。
20607306767,5,手机颜色外观很喜欢 手敢也很好 桌面设计很合理 商务使用也很便捷 手机配置很全面 超喜欢
20698224749,5,手机很喜欢，很好看，非常大气的颜色，颜值真的非常高，机身也很轻便，打开可以说是0折痕，鸿蒙系统也很流畅
20530539627,5,这款手机外观真的太漂亮了，而且没有折痕，这个真的很厉害。性能遥遥领先，爱了爱了，非常喜欢
20617945557,5,这款手机偏向定位于女性群体，手感很好，侧面指纹距离很舒适，重量也挺轻的，没有屏下指纹有点遗憾！
20700777621,5,手感太赞啦，贝壳的触感非常的贴手，也非常的惊艳，几个平台都是这款洛可可白最缺货，还是京东给力，让我拿到啦。爱了爱了，五星推荐！
20531414386,5,"华为小折叠，很精致，折痕控制的很好，搭配官方手机壳完美。
小手机拿起来轻便，续航不玩游戏够用了。"
20528428274,5,"手机比我想象中的还要完美，十分给力，值得入手，细节非常完美，整体来说真的很不错。性价比很高，手机还得是我华为～
物流也是相当快，👍产品很快就收到了，比想象中还好，不错不错！"
20528666230,5,收到手机啦，超级喜欢，期待好久好久啦，上市第一时间就到手啦，6点发货18点收到手机，赶紧来开始，试试，超级喜欢！
20530647121,5,独一无二的颜色花纹，折叠部分平整折痕轻微。 折叠手感丝滑，折叠后十分小巧，很精致
20542250672,5,"外形外观：这个颜色非常好看 好喜欢
运行速度：质感很好 👍"
20790387926,5,这款手机很时尚，特别适合女孩子用。折叠起来很方便。外形美观。拍照效果很好。超级喜欢。
20621711380,5,大溪地灰色真的很亮眼，看着也很有格调。这个折痕真的比oppo那款好太多了，体验不赖，哈哈哈！
20565753086,5,它好美哈哈，华为这个系统也不错很流畅，屏幕分辨率可以，拍照好用
20530562710,5,我的小折叠终于来了，我一个男的看了都好看，和我的耳机很配啊，舒服(#^.^#)😌
20543559447,5,洛可可白太好看了，质感也很舒服，华为小折叠确实是漂亮啊，支持华为，超级喜欢😍😍😍
20538790264,5,一大早发现发货了，紧接着就派送了，还挺惊喜的！颜值没得说，手感也不错，对我这种手比较小的来说还是有点大，网传的发热确实有，在外屏的位置，信号很好，在信号弱的位置上网也很流畅，总的讲很满意！
20556183416,5,终于遇到了一款自己超级喜欢的手机了，颜色特喜欢，手感超级好，系统很流畅、很好用！支持华为！！！！！！
20550146644,5,这款手机是真的漂亮😍，老婆喜欢的不得了，马上就把苹果变成备用机了，国货当自强，国货是真的强，再也不用受信号不好的气啦
20658509823,5,发货速度很快，待机时间挺久 ，新款用着非常不错，这个颜色非常好看的，灰色很高级看起来！
20651072586,5,鸿蒙系统运行非常流畅，使用过程中没有卡顿，拍照我觉得也是小折叠屏里最顶的了，屏幕折痕完全不明显，不必担心。漂亮的小姐姐都值得拥有!物流很快，隔天就收到了。
20543713249,5,手机终于拿到了，运行速度丝肯，外观设计非常时尚，手感舒适，高端大气上档次。
20618140543,5,我是华为的新用户 一直想抢mate 60没抢到。谁想到竟然出了这么好看的折叠屏，我就守着京东华为旗舰店天天抢，这个白色实在是很难买，但是真心喜欢所以一直没放弃。系统非常丝滑超出了我的期望，外观也很精致，折叠痕迹也能接受
20554286791,5,华为小折叠赶在女神节前上市发售，很小巧优雅，折痕不明显，屏幕丝滑，拍照也很清晰，高级感十足，十多年果粉换华为，不后悔
20537887512,5,手机收到太完美了，美丽精致，颜色真的太耐看了，网速很给力，拍照清晰，系统无卡顿。
20558076526,5,不得不说华为第三代产品才成熟，遥遥领先，折痕几乎不可见，非常好看，特别好看，特别可爱，非常喜欢
20612020765,5,"非常好
以旧换新：少花2000大洋
外形外观：非常好看
拍照效果：非常好
运行速度：特别快"
20620634323,5,送给老婆的新手机，老婆很喜欢。是理想中的产品💖，质量不错，物流也很快，值得点赞！
20538780500,5,看中颜值，去体验了一下，第一时间下单，手感很好，希望耐用。
20538109361,5,发售首日抢到了，终于等来了迭代产品，对比第一代各个方面都有提升，折痕几乎没有，系统丝滑，大溪地灰非常nice
20534787423,5,外观漂亮！轻薄！折叠感觉完美！屏幕输入反应很灵敏！为华为点赞！！！
20533743090,5,第一天开预售就买到了，开始还在白和灰之间犹豫不决。今天到手后感觉大溪地灰真的很漂亮！
20607226003,5,外形外观：洛可可白颜色非常漂亮，花纹像大理石纹，在阳光下闪闪发光，由苹果用户转为华为用户，坚决支持国货。希望我们的国家科技越来越强，漂亮的手机壳也可以炫起来了！
20533469623,5,大溪地灰确实好看，上手手感也很特别。一开始本来是想买白色的，后来在实体店体验后就爱上了灰色。
20557559586,5,超级好哦，很漂亮哈，心心念念的漂亮手机终于到手了，很流畅，继续关注华为产品
20559125776,5,刚好在38节收到货，也许是京东有意安排的，很惊喜。手机不错，原来担心折叠屏位置可能有缝隙，拿到手后外观看起来完美无缺，触摸时会有不平整的感觉。整体满意。
20557746968,5,刚刚到手   外观漂亮  手感更没得说  音乐拍照都很好
20564011097,5,很哇塞.不亏是遥遥领先.充电是嗷嗷快.折痕也看不出来.外观很掏喜.媳妇很满意这个礼物
20528965414,5,好看的，和指甲很配。从iPhone4开始，终于换成华为了&hellip;满意的。京东也很快。
20541288351,5,颜值很高，折叠屏也很方便，一点也不占地方，放进小手包正合适。系统运行很顺畅。拍照效果还不错。
20528743649,5,我的p50pocket用了两年啦，终于终于可以用上4.99g的升级款了，盲盒开的很成功好看好看！
20650005918,5,颜值爆表，折痕可以接受！主要是拍照也不错，简直是六边形战士！十分喜欢！！！！呢！
20545766810,5,手机很轻便，功能强大，拍照非常清晰，使用很丝滑，全屏看电视也很巴适，颜值确儿巴实很高
20528764839,5,第一代的p50pocket也是第一批抢的，外观真的是很喜欢，只是屏幕和cpu确实是硬伤，期待这次pocket2能完美解决这问题。这次包装盒都大了一倍，京东物流实在太快了！
20711764677,1,刚用一个多月就这样了。
20535127190,5,没想到这么快就到货了！非常非常漂亮😍
20561145387,5,给家人买的，拿到真的很惊艳！超级好看，外屏那个小猫太萌了，还附送了一个清水壳，相当赞！
20542981990,5,"超级精致美观，手感特别棒，系统丝滑流畅，超爱。

非常好的购物体验，五星好评！"
20555179286,5,华为一直没失望过，折痕确实惊艳。麒麟芯比pocket s舒服多了，非常喜欢！！！
20685370258,5,给老婆买的，华为的品质一直值得信赖。这个颜值女人对它没有抵抗力。不当老婆，小孩子也很喜欢。
20604347335,5,用了两天，还是很丝滑，本身自带一个壳。本来买了两个色，最后还是留下了灰色，确实耐看高级感满满。
20528307413,5,"已收到，绝绝子的值得！
余承东诚不欺我，确实是没有折叠痕！
华为小折叠确实是漂亮！
支持国产，支持华为
美帝打压不了中国人的精神！"
20542682220,5,颜值担当，续航正常使用都很好，手感超棒，这个手机对女生来讲毫无抵抗力。
20535611303,5,"外形外观：十分
屏幕音效：看着很平整 摸的时候还能感受到折痕"
20528279996,5,"华为POCKET 2折叠屏手机：宝宝成长的完美记录者
作为一位热衷于捕捉宝宝每一个成长瞬间的妈妈，当我拿到华为POCKET 2折叠屏手机时，我简直欣喜若狂。这款手机不仅外观时尚，而且为我这个经常需要给宝宝拍照的妈妈提供了诸多便利。
华为POCKET 2的折叠屏设计让我眼前一亮。展开后可以拥有更大的屏幕，让拍照时的视野更加宽广，而折叠起来则小巧玲珑，方便我随时随地给宝宝拍照。这种设计不仅满足了拍照的需求，还兼顾了便携性，非常适合带着宝宝外出的场合。
POCKET 2的拍照功能强大而细腻。其高像素的摄像头能够捕捉到宝宝每一个细微的表情和动作，即使在光线不足的环境下，也能拍出清晰、生动的照片。而且，手机还配备了多种拍照模式，如人像模式、夜景模式等，让我能够轻松应对不同场景下的拍摄需求。
POCKET 2的操作界面也非常人性化。简洁明了的界面设计让我这个不太擅长技术的妈妈也能轻松上手。各项功能一目了然，让我在给宝宝拍照时能够更加专注于捕捉美好瞬间，而不是被复杂的操作所困扰。
最重要的是，华为POCKET 2还具备出色的电池续航能力。这意味着我可以长时间使用它来给宝宝拍照，而不用担心电量不足的问"
20584827774,5,好看，运行流畅，外观实在是太喜欢了，最喜欢透壳，最大化体现颜值。
20586322038,5,华子出品，必属精品！真的太惊艳了，想艺术品一样。手感太好了，再用m60都感觉像板砖一样～～
20591122938,5,"作为一名消费者，我最近有幸体验了华为小折叠手机，下面是我的评价。

首先，我要说的是，这款手机的设计非常独特且实用。它的折叠设计让我在使用时可以轻松地将手机变成更小的尺寸，方便我在不同场合下使用。同时，它的折叠也保证了手机的稳定性，让我在折叠和展开时都能得到良好的使用体验。

在使用过程中，我发现这款手机的性能非常出色。它搭载了强大的处理器和大容量的存储空间，让我可以流畅地运行各种应用，同时也能存储大量的照片和视频。此外，它的电池续航能力也相当不错，即使在连续使用的情况下，也能保证我一整天的正常使用。

在拍照方面，华为小折叠手机也给我留下了深刻的印象。它配备了高清的摄像头，无论是在光线充足的环境下还是在暗光条件下，都能拍出清晰、细腻的照片。同时，它还支持各种拍照模式和特效，让我可以轻松地记录下生活中的美好瞬间。

总的来说，我对华为小折叠手机非常满意。它不仅拥有独特的设计和出色的性能，还能满足我在不同场合下的使用需求。我强烈推荐这款手机给那些希望拥有一款既实用又时尚的手机的消费者。

当然，每个人的需求和喜好都是不同的，所以在购买前，建议大家根据自己的实际情况和需求来选择手机。同时，"
20610117319,5,"我美丽的小废物😂
美美哒，遥遥领先，爽歪歪～
家人送的生日礼物，本来不想要，觉得不如买非凡大师，结果是真香"
20651822432,5,东西还不错。会回购。外形靠谱。高端大气上档次。使用平滑柔顺。物流也快。配了华为全套不错。
20612392389,5,"外形外观：高端大气上档次
屏幕音效：声音巨大，遥遥领先
拍照效果：不如我之前的P30
运行速度：丝滑流畅
待机时间：一天一充
其他特色：科技满满"
20756027644,5,送给老婆的。小艺换成女儿的声音后特别喜欢。出去大家都认识，也有面子。强推
20529430455,5,第一次以旧换新购机，服务体验很好，上门取旧机到质检完成收到款仅4天。新机比预想收到的时间要早，还未使用，看着很赞，期待强大的功能。
20638566667,5,很流畅，超级喜欢这个颜色，太美了，再配上壳太好看了，可以搭配不同的衣服，今天试了拍照，真滴好看，目前用了几天没什么问题，折痕几乎看不到，上班期间几乎不用折叠，太喜欢了
20567564043,5,高端 大气 喜欢，折痕处理得很好，全力推荐。
20544007305,5,2月22号下单 3月1号下午到货 去实体店看过真机 不卡手 内存买的1tb 非常丝滑流畅 从苹果换过来的 用几天就顺手了 颜色也很好看 还特意买了一个手表配一套 真香
20534635481,5,很好看的手机 非常适合女孩子用 内存也完全够用 白色洛可可真的好美
20617800419,5,"新款买了大溪地灰色好看好用
外形外观：高大上
屏幕音效：洪亮清晰"
20645849753,5,哇，质感真的没得说，系统很流畅，外放效果很好，立体声扬声器，除了电池稍小，其余都是直板旗舰机的配置，确实遥遥领先！！！女生的话感觉用洛可可白更好看一点，大溪地灰今年新配色，也很不错，时尚单品，对得起价格！！！
20543747906,5,"终于到货了，天天看发货没，昨天晚上突然一看就在路上了，太激动了，又从苹果换华为了，家里人都用华为，我也加入这个行列，半年前跟老公抢mate60pro+，这次又跟自己抢，运气比较好，每次都还抢到了。
华为，遥遥领先！
配色蛮喜欢的"
20714532376,5,这款华为手机真是太棒了！首先，它的外观设计真的很吸引人，手感也超级好。屏幕显示效果清晰，色彩鲜艳，看视频或者玩游戏体验都很棒。而且，它的拍照功能真的得给个大大的赞，照片质量超好，细节捕捉得很细腻。电池续航也很强，用一整天都没问题。性能方面，运行流畅，一点都不卡顿。总之，性价比超高，推荐给想要换手机的朋友们！
20529711952,5,艺术定制版的颜值确实高！3D的蝴蝶翅膀🦋真的很惊艳！搭载最新鸿蒙OS4.0系统，全场景智慧生活生态圈，外形时尚，做工精致，而且超薄，握感很舒服。XMAGE影像加持，支持双向北斗卫星消息！总之从外观设计、性能、相机还是续航，都一步到位，让人爱不释手，支持华为，继续加油，遥遥领先！👍👍👍
20690419468,5,"拍照效果：是我喜欢的风格
运行速度：非常快
其他特色：折叠屏，一直很想尝试，外屏很有趣，可玩性很足
屏幕音效：显示效果好。
外形外观：非常有个性，上街被认出的几率很高"
20603277123,5,等了好久终于等到这款手机开卖，抓紧买了一部给老婆，小巧玲珑型的，特别喜欢，下一步买手机壳了，哈哈
20537740972,5,很不错媳妇很喜欢 外屏萌萌哒 手机壳也有好多种萌萌哒 老夫的少女心要化了
20572262164,5,"外形外观：非常漂亮，特别喜欢！
拍照效果：拍照很清晰，比较好用！
运行速度：运行速度非常快，非常流畅！
非常喜欢的一款手机，刚收到货就爱不释手了"
20638505649,5,"天呐!华为pocket2洛可可白简直美呆了!我不信有人可以避开pocket2小折叠的美貌，音质相对于上一代也有所提升，华为老粉了，出来了新款立马安排上下，画质也好，系统非常流畅！
外形外观：非常惊艳
屏幕音效：效果倍棒
拍照效果：顶呱呱
运行速度：非常流畅"
20531739611,5,小折叠的旗舰制作，把充电，相机短板都补上了，颜值很高，体验非常好。
20627043469,5,手机很高档，拿起来很舒服。屏幕显示细腻，拍照效果算法很好。运行速度很快。待机一天中度够用。本想买pocket s但是有了pocket2就买新不买旧，包装精美，黑色更高档。
20735185088,5,挺好的产品，折叠起来很小巧，展开比正常手机略大，很漂亮，适合女性朋友。挺好的产品
20591098674,5,"外形外观：非常漂亮的洛可可白，每一个都是特别的后盖
屏幕音效：屏幕非常棒，清晰，音效也挺不错的。
拍照效果：拍照效果特别好，拍照最好的折叠屏
运行速度：512g简直无敌，用个几年不成问题。
待机时间：待机一天也足够了，非常不错。"
20542795949,5,真的很好用，对商品非常满意，属于无限回购款，推荐！宝贝与描述基本一致，发货很快，值得一买
20761225837,5,蹲了很久的白色，看到有库存果断下单，折痕在使用时感觉不到，翻盖的手感很不错，nice
20686930392,5,颜值不错，质量也没有问题💌和我心仪，果断下手，用过之后感觉很不错，果然名副其实👍
20612548527,5,外观超级赞赞赞赞赞，不亏我等了这么久，太值得了！机子运行很流畅，反应速度灵敏，支持国产手机！
20727937605,5,"以旧换新：度快，满意。 
外形外观：漂亮，是我想要的样子。
屏幕音效：非常好
拍照效果：很满意，清晰。
运行速度：很快"
20528832084,5,"【外观】洛可可白真的太好看了，哑光显高级，超薄！手感好，折痕非常不明显！
【摄像】不愧是遥遥领先，夜景无压力
【性能】还在探索挖掘"
20689825870,5,首先是非常美丽，美丽但是也很强力！续航网上都说一般，但我觉得还可以，掉电不快，充电快。鸿蒙系统好强，我可以设置男朋友的声音当语音助手！以及，不打开内屏也可以接电话和扫码支付（用语音助手唤醒***扫一扫就可以扫码支付了），这样小折叠用起来就更方便了。太好看了，好看的我对象都想抢我的。希望能用很久。
20698664474,5,给妹妹买的，颜值这块没得说，大溪地灰这个配色也是漂亮的很，一直都用华为，希望产品越来越好，
20533351960,5,手机收到了，质量很好，外观大气  专门买来送老婆的 老婆也很喜欢
20528381725,5,第一次使用华为，很期待哦，等的好着急的新手机，爱了爱了
20771362476,5,这很很浅，铰链强大，买来送给女朋友，她觉得比之前用的三星折叠屏好用不少，期待更好的新品！
20530611890,5,颜值很高，很好看。快的速度很快，价格小贵。含金量很低很好
20546311901,5,终于等来了新手机，收到后就迫不及待的拆盒使用，手感非常好，小巧可爱，速度也非常快，超级喜欢
20706429335,5,"咋说呢，遥遥领先！
外形外观：就不说，太喜欢了很漂亮，斜挎在身上像个小包包。
买的一个T的内存，容量很大
速度很快，像素很好，总之非常满意"
20634490731,5,华为Pocket 2手机真是太棒了！收到快递的时候包装得很仔细，打开一看，手机外观设计精美，手感极佳。屏幕显示效果清晰细腻，色彩鲜艳，使用体验非常流畅。拍照功能强大，尤其是前置摄像头，自拍效果惊艳。电池续航也很给力，一天下来还能剩余不少电量。此外，华为Pocket 2的轻薄便携特性让我爱不释手，非常适合经常外出的用户。总体来说，这次在京东购买华为Pocket 2非常满意，强烈推荐给需要一款小巧、性能出众手机的朋友们！
20531189799,5,很满意。非常漂亮，媳妇也很喜欢。不愧是国产手机的天花板。
20600049634,5,"华为，一如既往
运行速度：流畅
拍照效果：荧光镜头很实用


待机时间：待机时间长，配备双充电器
其他特色：折叠小巧"
20670488307,5,这手机真的不错，特别适合女生，续航不错，颜值超高，方便携带，流畅度也很高，就是买了那个199的保护壳之后这个充电好像有点接触不良，每次充电都要调整一下
20557468540,5,终于到手了，迫不及待的开箱，已经是第二个华为手机了，感觉做工非常扎实，尝鲜试试折叠的。
20532595783,5,完美，第一次买折叠屏，屏幕几乎没有折痕，充电快屏幕好拍照好，芜湖
20530565009,5,"全家华为用户，去年m60p发售，第一时间抢到手，给老婆用，自己继续m30p。原计划今年出m70p再入，结果22号发布会了pocket2，老婆大人一眼看中，好了，我也可以有m60p用了，哈哈。
    京东很给力，2.23号抢购，3.1号就刷出来物流信息，快递小哥也给力，终于第一时间拿到手。
    手机性能不用多说，不玩游戏性能过剩。这个手机的目标客户非常精准。相信华为品质、颜值大于一切、性能不感冒的女性客户。以前还可以有Iphone，现在pocket2可以完美替代了，实在是挡不住！
    最后额外想说一下，没有哪个公司不会垮，华为有一天也许也会衰落。但是一个国家这样来制裁、来压迫，妄图搞垮这个公司，我就是不服！扶持一个华为起来，可以带动上下游多少产业链，可以有多少普通人得到高工资？活该中国人就只能踩缝纫机做衬衫？这样的企业我们不支持谁支持？只要华为还是国产芯，我家的手机只会是华为！"
20561036142,5,"外形外观：非常好
屏幕音效：非常好
拍照效果：非常好
运行速度：非常好"
20528540107,5,第一批就抢到了，今天刚收到货！机子很漂亮，反应速度快！折叠后收纳特别方便。小屏幕非常可爱！系统使用起来很顺手。折痕还是有，比之前的机型要轻一些，不知道使用时间长了咋样。总体很赞
20576776422,5,手机很小巧，折叠后携带很方便，折痕很浅，几乎没有。系统运行流畅，拍照也不错，续航可以，总体很满意。
20812847036,5,整体满意，到货比较快，材料优质，没有异味，售后服务好，有问必答，很实用，颜值高，容易安装，简单易用。很满意，很满意。很满意。
20613621703,5,华为的手机就是好用啊，系统很顺畅，用习惯了，外面也很漂亮，折叠小巧的，外显示屏挺乖的，自己再去配个外壳，杠杠的，支持啊
20770283303,5,手机收到了，外观很时尚，屏幕分辨率高，运行速度也很快，拍照效果也很好，电池续航能力强，总体来说非常满意，性价比很高。
20612689047,5,外观设计风格简约大气时尚，很好的一款产品，非常喜欢
20541704732,5,从mate50Pro换到折叠机，非常喜欢，基本没有折痕，系统运行流畅，很满意。
20530537055,5,期待已久，送货非常快，送给老婆的礼物，第二代比第一代升级非常大，用了和60pro一样的处理器，而且折叠基本没有痕迹了，非常开心！！
20728328720,5,"外形外观：折叠款小巧玲珑，非常精致，很适合女孩子使用

拍照效果：huawei拍照非常清楚，适合女孩子拍美美的照片

整体使用非常完美"
20573291701,5,拿回来用了性能不错，电池很耐用，声音非常的清楚。手机拍照很清晰，用起来很流畅。背面也是很好看的。商家的态度很好，很满意好评。
20571811760,5,"发货速度飞起。
外形外观：外观好看，nice
拍照效果：拍张清晰
运行速度：快速，无卡顿。
总的来说用起来很舒服。值得入手"
20529622847,5,3月的第一天收到新手机啦，很喜欢，支持华为，遥遥领先。
20629883995,5,给老婆买的，非常适合有质感的女生。这个后背壳真的还挺好看的。中间的折痕在用的时候看不出来，其实女生也不会在意这些。尤其是喜欢防晒检测这个功能。实用。
20528627774,5,京东快递很快，上午6点多发货下午4点多收到货，等待华为pocket2的心情说不出来的高兴。手机是送给老婆的。😎😎😎❤️以后也一直用华为产品。
20620512364,5,外观很好看 速度快 流畅顺手 手感好 续航差一点 一天起码两充 容易发烫 外屏小宠物很可爱
20655704930,5,"外形外观：很漂亮
屏幕音效：好
拍照效果：非常好
运行速度：很快，效果好"
20617049837,5,大溪地色我很喜欢 屏幕玩起来感觉不到折痕 ，很棒
20617933111,5,使用效果非常赞，不过折叠痕迹还是不小的，也属于正常吧。速度很快，反应很灵敏。拍照的效果尤其喜欢，下面是拍的照片，可见的清晰度。
20533211308,5,这个洛可可白好看，外观超级棒，体验感非常好。超级喜欢。
20596941777,5,"老公送的惊喜，太喜欢了，完全抵御不了这款手机的颜值，非常适合女孩子。
用了很多年苹果转安卓，没有觉得不适应，操作很流畅，也有一些辅助功能很好用。"
20733919331,5,还是遥遥领先，作为一款折叠机很优秀了，屏幕显示色彩效果好，用了近两个月折痕很浅，电量足够一整天，66w快充很实用，推荐
20528668100,5,已收到，包装完好，物流快速，给力。妇女节了，送给妇女的，。很不错的一次网购，哈哈哈
20631441297,5,华为手机从来不让人失望。这个手机开机非常惊艳，造型无敌了，她说颜值非常高，折痕微小，拍照清晰，鸿蒙4使用流畅。屏幕显示非常细腻。手机重量适中，送给喜欢人，大溪地灰值得推荐。
20575692533,5,"外形外观：非常漂亮
拍照效果：相当清晰
运行速度：丝毫不卡
待机时间：在小折叠里非常好"
20621732793,5,"送给妈妈的。她非常喜欢！好用！电池还可以，够用的！系统流畅！
折痕不明显！这次的技术升级可以！"
20652109569,5,宝贝特别喜欢，颜值高质量好，中看又中用，有需要的朋友不要犹豫了，最后祝商家生意兴隆！精挑细选很久✨，最后决定买这一款🎁，到货后果然没有让我失望，实物很漂亮🔮，做工很精细🌈，特别满意💖
20566077463,5,说是25号之前发过，结果女神节前就意外收到了，使用两天评价，正面无折痕，侧面有，电池续航可，没有打游戏，日常使用很不错，颜值好👌
20615453193,5,"送老婆的礼物，颜值没话说，绝对的时尚单品。但老婆表示耗电有点快
外形外观：颜值绝对能打
拍照效果：很好"
20614542416,5,"外形外观：手机是真好看
屏幕音效：屏幕挺好看，折痕很浅
拍照效果：挺好的，女朋友很喜欢"
20716103579,5,这款产品的设计独特且质量上乘，我非常喜欢。它的外观时尚，手感舒适，细节处理得非常到位。使用起来也非常顺畅，没有任何问题。总的来说，这是一款非常值得购买的产品，我会向我的朋友们推荐。
20701422305,5,用了一个月了，不小心摔了两次，一点问题没有，充电速度非常快，比我之前的苹果🍎带电好，很喜欢
20613597334,5,不错不错不错折叠感觉丝滑，屏幕显示很清晰。电量也很足！新旧手机互相传送数据也很快！
20556331698,5,洛可可白，颜值极高。男性使用也妥妥的，屏幕大，系统流畅，充电挺快。很多玩机技巧还有待开发
20795603040,5,颜值很高的一款手机，自带膜和保护外壳，使用简单，外形很时尚，科技感很强，翻盖的感觉真好！
20635044406,5,外屏颜值在线，非常大气的配色😍，看完发布会就被新颖的折叠功能深深吸引，终于拿到手了，实物更惊艳，后盖非常好看，副屏和摄像头的布置也更协调，内屏几乎看不到折痕，非常好的购物体验。
20574656407,5,折叠以后手感超好，满足了携带方便和大屏的需求，就是男的拿稍显秀气，配件也不好买，大部分都是***的。喜欢华为产品的做工，相比oppe的折叠屏手机，选择华为的主要原因是机子轻薄，做工要更好一些。
20808491019,5,确实是高颜值，携带方便，光这两点就够了！使用起来还算流畅，折痕也不明显，很喜欢！
20562266252,5,从来没用过华为，这是我的第一部华为手机，超乎我的想象，之前一直用🍎，因为信号问题，换了华为，以前也用过安卓，因为广告和卡顿的问题的换了🍎，看到华为有了自己的系统，所以换了华为，真的很不错，以后就坚定华为了！国货之光
20798929593,5,非常漂亮的手机，折痕控制得非常不错，配个纯白的外壳，很靓。外出放口袋刚刚好，不用带个包了。
20561725481,5,手机很好看，很有特色，性价比很高，看电影，拍照片都很OK
20786040132,5,"外形外观：做工精细， 手感好，非常漂亮
拍照效果：好操作，照片非常清晰"
20683387691,5,产品设计很漂亮，系统也稳定，新旧手机通过克隆很快就完成了。
20536949057,5,折叠效果不错，比之前又有升级了，质量很不错精致，用大嘴的一句话讲出来就是，遥遥领先，遥遥领先，遥遥领先
20705222898,3,手机用了不到一个月，折痕就好像中间断开了一样
20623302412,5,手机用了几天了，挺好的，没发现大问题，拿着手感也不错，一直想要折叠屏的，特别喜欢这款手机，漂亮，大气，喜欢
20588370075,5,"外形外观：非常好，把mate60pro换这个最重要是因为样子漂亮

其他特色：1.整机比较轻，然后叠起来不厚
2.对比过好多机械它的中间线是最不明显的，值得入手
非常喜欢❤"
20716986112,5,"用了一个月来评价
充电非常非常快
屏幕大大的
速度快
最最满意的是折叠后小小的放包口袋里，很方便"
20566795430,5,遥遥领先，遥遥领先，手感舒适，折屏无痕，背部纹理漂亮，系统丝滑，老婆很喜欢👍
20648938490,5,"外形外观：辨识度很高的折叠机。
屏幕音效：屏幕比较脆弱，容易静电吸灰
拍照效果：拍照效果中上水平，能满足大多数场景需求"
20590361235,5,给家人买的，手感非常好，屏幕折痕几乎看不见！性能足够！系统优化很好！如果说缺点的话，待机稍微弱点！！
20775833418,5,"Pocket 2 折叠屏鸿蒙手机，用的人更关心的不是手机的性能和功能，而是拥有时尚的一种感觉。不在乎很多功能都不用，只要一机在手，心里就乐滋滋的。
所以，华为可以开发一款简配一半功能的Pocket 2-，价格再减半，一定受欢迎。"
20631616809,5,"非常棒
外形外观：可爱小巧，女生最爱
屏幕音效：棒
拍照效果：很好
运行速度：很好"
20528721777,5,到货很快，开售第一天就已经到手了，包装完好，华为的品质还是一如既往值得信赖，洛可可白也很好看，总的来说还是很满意的
20565216617,5,"外形外观：黑色适合男式  
系统丝滑 反应快速  折叠回弹没有折痕
拍照效果：非常清楚"
20671889396,5,华为Pocket2设计优雅，高颜值的配色脱颖而出。独特的铰链技术让其折痕几乎不可见，整体美观！铰链作为折叠手机的核心部件，其技术的成熟度直接关系到产品的耐用性和用户的体验。华为Pocket2的铰链技术的优化，外观设计美观的，折叠屏的顺滑使用。
20577961865,5,外观好看，白色很赞，上手有质感，系统流畅，用一段再追评，遥遥领先！
20753564987,5,外观时尚，信号超好，屏幕折痕浅，超平整，拍照效果很不错，自拍超美，超喜欢
20529719360,5,"出乎意料的快（配送快，手机也快！），出乎意料的丝滑，特别稀罕折叠起来的中框。好
遥遥领先"
20536279838,5,"外形外观：颜色好看
运行速度：速度很快，反应灵敏
拍照效果：效果很好"
20697078843,5,"外形外观：很喜欢很好
屏幕音效：很好
拍照效果：很好
运行速度：很好"
20643811556,5,东西收到了，整体感觉真的很不错，用起来也很好，系统也很好，很流畅，值得推荐，屏幕也是可以的
20695444242,5,颜值高，配上相应的手机套，感觉比苹果更为惊艳，特别是女性用户，更加没有抵抗力，赞
20636568567,5,手机很漂亮大气，功能齐全，很特别个性，质量棒棒哒，用的顺手，很满意，客服态度很好，满意
20653321064,5,很漂亮，犹豫了好久才买的，一直处于缺货状态，但是京东到货很快，没几天就发货了，总的来说很满意
20780514718,5,"外形外观：漂亮可爱
屏幕音效：完美
拍照效果：完美
运行速度：快"
20529809990,5,哈哈哈哈 第一次痛快抢到华为手机 ，感觉很nice，第一次用华为手机，苹果转华粉，爱了爱了！
20736712025,5,"屏幕音效：音量够大！给力音质也可以
拍照效果：非常牛，效果也不错，支持国货、干翻国外所有品牌"
20720155634,5,太梦幻了 大溪地灰 好高级 好喜欢呀  自己用 送人都很有排面 第一次用折叠屏  真爱了
20579065809,5,"拿到手机了，触感很不错。整体收集还是比较薄，手感非常好！手机的平整度也很不错，点赞！
祝华为折叠大卖大卖！"
20575902020,5,刚出就十分留意这个手机壳，白色十分好看！使用起来也轻薄 手感很好！折叠起来也方便携带，不错！
20559816302,5,收到货后试了一下，很不错，质量很好，值得拥有！五星好评！五星好评，非常好！想不到那么快就到了！挺好的，和想象中一样，随意搭都很好看，满意！
20592834686,5,手机很好看，折叠的地方也很平整，用了一周多了，很不错，运营也很流畅，拍照也还可以吧。
20664131908,5,设计很精致、时尚，质量令人放心。各种小功能也很赞，送给老婆的，老婆大人十分喜欢。
20764643050,5,"mate40pro换pocket2折叠屏
以旧换新：价格非常实惠
外形外观：漂亮"
20792795338,5,手机给家人买的，很喜欢这款折叠的手机，出门能放到很小的包里。手机拍照效果很不错，做工也很精致。
20592674441,5,运行速度快，外观漂亮，拍照清晰，时尚，不卡顿，这个手机太完美了，超级喜欢，支持华为，支持中国企业
20530803427,5,配色非常好看，大溪地灰色，屏幕很平无折痕
20639346921,5,手恐很好，折痕细微。不打开也可以接电话。拍照功能卓越。扬声器声音浑厚。很好！
20572683065,5,"拍照效果，绝对第一梯队
功能，鸿蒙加麒麟，遥遥领先
外观，100分，我一个男都爱不释手"
20570704914,5,颜色太漂亮，配置绝对够用，握起来手感适合女士，折叠起来舒服，运行速度快。
20543129715,5,"华子的审美一直在线哇
华为Pocket2 ，真的看起来非常梦幻 仿佛就是一件时尚单品，折痕控制的非常好，真的跟直屏一样。真不愧是华子，而且普通版价格相较上一代还加量不加价，这还不直接冲鸭#华为手机"
20808308274,5,"外形外观：很漂亮
屏幕音效：画质很好的
拍照效果：拍照效果杠杠的"
20777836811,5,华为新产品，大气美观实用，功能强大且系统流畅，使用起来很方便，值得入手，遥遥领先。
20572979818,5,华为遥遥领先，APP打开速度反应很快，播放音乐时空间环绕立体声美丽，摄像效果不错，翻盖手感好，发货速度快。
20654169182,5,"好看，好用，很不错。很多实体店没货，京东刚好有一个哈哈，抢到了，不错
捆绑旧机回收，****！nice"
20759263780,5,非常漂亮，目前看不到折痕，期待使用～～
20700946947,5,非常完美的一个手机，简直就是遥遥领先。老婆是爱不释手，折痕比想象中好太多了，基本无感。手机还能免费贴膜。
20760174744,5,非常可爱，折痕可以接受，系统顺滑，方便
20720467581,5,"外形外观：外观漂亮大气上档次
屏幕音效：高清大图丝滑
拍照效果：强大的不行"
20576476087,5,折痕几乎没有，充电很快，信号好，拍照效果好。很喜欢，特别漂亮。
20632823254,5,小巧可爱，折叠屏很很好看，摄像效果非常好，丝滑流畅，遥遥领先。
20558623502,5,艺术定制版送老婆刚好，很喜欢，女神节礼物。果然不愧是流动的艺术，国货之光，遥遥领先
20710169253,5,等配货等了好久，好在最终是满意的，机器很漂亮，外观炫酷，很喜欢，之前的等待也是值得的。
20701140798,5,洛可可白色的Pocket 2真漂亮，对于我这种只需要聊天，购物，视频的人来说，绝对够用了！华为真棒，继续加油，京东服务非常不错，好评！
20590588993,5,收到货品好长时间了，一直没时间评论，已经用了一段时间了，自我感觉良好。东西很好，价格便宜效果非常不错。这次买得真是物超所值，下次还会再来，看起来不错，物流很快，真的很开心比较满意。
20544699904,5,外观漂亮，性能拉满，开合灵活，超级赞
20589490470,5,真的太喜欢了，一见钟情的手机，十年果粉转华为，真的太爱了，颜值高也好用，身边的人看到了也想买
20615709317,5,"外形外观：精致
屏幕音效：都很好
拍照效果：绝了啊啊啊啊"
20570210345,5,苹果用了几年，今天用了华为pocket2用了一天，感觉很不错，很丝滑，反应很灵敏，整体外观设计很多女性都喜欢，好评
20528726868,5,实物与描述的一样，质量相当好，卖家态度也好，有问必答，发货速度杠杠的，值得购买哦正品，买的放心，价钱也公道，满意！非常满意
20592833609,5,抢到了，走在时尚前沿，好用，信号提高明显，折痕控制很好，华为出品必属精品
20530859573,5,终于拿到华为 pocket2 了(◠‿◠)✌️，手感很好，外观特别漂亮，折叠屏进一步升级，遥遥领先！
20553508292,5,"特别适合女生，屏幕真的很平整。
运行速度：流畅。
外形外观：时尚美丽。"
20631136979,5,很喜欢呀 小折叠 最近用起来很方便 没有不适应的感觉 支持国货
20721710319,5,宝贝收到了，质量很不错，包装精致，材质优秀，比想象中好，送礼自用非常合适，下次继续购买
20616581539,5,"拍摄图片非常专业颜色好看，功能比一代强大许多，用着很顺手！
以旧换新：参与以旧换新，性价比高"
20533152409,5,手机真不错，打开一看十分惊艳，感觉真的赚到了，第一批拿到手的感觉简直太有成就感了！好评好评！
20677532419,5,使用非常顺手，以前一直用苹果，现在换了感觉挺适应操作系统的，速度也快，外形美观。
20529569892,5,从去年11份就在等了终于等到了，期待已久的产品，京东快递也很给力下午就送到手里了，不负所望！
20554690913,5,手机颜色鲜艳 运行流畅 屏幕折叠后非常小巧
20632865325,5,用了5天来评价下，鸿蒙系统不错后续还会更新，手机颜色很喜欢，中间折痕几乎没有，会持续关注华为产品！
20672184965,5,很丝滑，很好看，物流很快速。让人爱不释手。毕竟从a家转过来，后续看看适应下华为的内部系统。
20623610250,5,非常喜欢，质量特别好，颜色超级棒，满意好评特别好，质量也很不错，下次还会再来的非常喜欢，质量特别好，颜色超级棒，满意好评收到货后，好实惠，而且发货特别快，点个赞我觉得这个价格买到这么些东西，还是特别划算的~
20586871388,5,拿到新机打开包装，眼前一亮，大爱！手感很好！功能正在摸索中。
20655223964,5,颜值高高高高 喜欢喜欢喜欢 京东购物满意
20630692224,5,"折叠起来小巧轻便，单纯冲着外观和折叠的功能买来尝试一下的。
实体店看过了，珍珠白比大溪地灰好看很多！！"
20735406481,5,手感很好 折叠很漂亮 送礼很适合
20738394238,5,手机很漂亮，使用下来几乎察觉不到有折痕的存在，即便是屏幕长时间使用也依然可保持平整。
20552628882,5,家人超喜欢这个手机，每个手机每个角度看都不太一样，这个特别赞，每个手机都是独一无二的！
20637533552,5,洛可可白超级好看，老婆超级喜欢，华为还是很不错的，终于让她扔了苹果了。京东送货超级快，基本次日达，太方便了
20634887043,5,刚收到就拆开来看了，非常好用，颜色也很好看，用了一下，很流畅！！
20554187396,5,"一如既往，正🈴我意！
老婆很满意！小巧玲珑。
几乎看不到折痕！很厉害！"
20583821118,5,这款华为pocket2很小巧，外观很喜欢，希望多用几年。
20623646708,5,质感不错，以旧换新也很方便。就是回收物流人员很糟糕，沟通不畅，业务不熟。
20626073458,5,"非常好 非常喜欢 外观设计优美 手感好
拍照效果：嗷嗷清晰"
20531610961,5,物美价廉，还可以，真不愧华为大品牌，很高大上，好用，鸿蒙系统的，物流也很快，拍照片还不错
20592976678,5,手机很漂亮，用起来很舒适，非常灵巧，手感也很棒，支持华为！👍
20598634246,5,京东发货速度快，早上买的晚上送到。手机整体挺好的，手感颜值都很不错，老婆很喜欢！
20538563723,5,"配件齐全 真的很良心 ！
简直太好看了 
给老爸买的 非常喜欢 迫不及待到手赶紧看看👀
拍照效果：非常清晰 真的不输相机"
20602889455,5,非常好看，就是太慢抢到了，华为的设计没得说，系统非常流畅。一定支持华为，手机就买华为!!
20538974664,5,非常喜欢，媳妇正好还在坐月子期间，生了个大胖小子，给媳妇一个惊喜，支持华为！！！
20535774756,5,从苹果换华为，颜值很高，屏幕第二天就可以看到折痕了
20529815941,5,之前用的Pocket第一代，现在第二代更好了，很多地方都得升级，屏幕很棒，折痕比一代提升明显
20629040989,5,外观造型和材质都很好，今天用上了，质量很好！做工精细，对的起这个价格，个人觉得挺满意
20714993208,5,原来家里人买的mate60pro太宽了，用起来总是觉得不方便，这款折叠屏完美，颜值无敌
20530084460,5,现在，华为手机做的是真不错，质量很好，结构设计合理，国货之光，遥遥领先！
20599080184,5,特别好看的颜色，时尚，大气，耐看，支持国货，支持华为，遥遥领先遥遥领先遥遥领先！
20540859241,5,这款手机外观时尚，性能强大，质量可靠，性价比高，完全超出我的期待
20640365051,5,华为pocket2，引领小折叠新时尚，经典的洛可可白配色真的是百看不厌，非常喜欢，特别好看！
20650284172,5,"外形外观：很喜欢
拍照效果：很好
运行速度：快"
20648562652,5,爱了爱了，很精致，手感很好，支持国货
20719407077,2,原装充电器端口松动，经常接触不良，一碰就断电
20562647921,5,置换的，优惠力度很大，以旧换新，手机很不错，轻巧，不管是外观，还是拍照都是杠杠的
20548833089,5,外观很好看，爱了爱了，真不愧是华为手机，颜值很高，很让人心动和喜欢，下次还要买它！
20739969037,5,非常漂亮，开机速度快，色彩搭配很好！相机拍照功能强大
20551328492,5,物流迅速，发货很快。头一次抢到，产品很好，推荐购买。国货之光，你值得拥有，推荐推荐。
20533805750,5,好看，手感好，本来外壳触感很好，怕摔不得已加了透明外壳。
20608294738,5,"用了几天啦，很好的体验
屏幕音效：好
外形外观：好"
20662952929,5,用了几天才来评价，折叠屏确实不错。系统很快，老婆很是喜欢。
20614952889,5,特别特别满意，超级好看，客服很有礼貌，很客气，良心商家，支持！物美价廉，物流给力，值得回购
20676876571,5,帮朋友买的到手一个多月，使用体验非常棒有很多玩机小技巧是苹果上没有的，外屏可玩性还不错
20741503329,5,好很好，性价比很高，很流畅，打游戏不卡顿，很喜欢陶喆
20558334019,5,非常漂亮的一款折叠手机，送老婆的三八节礼物
20695937214,5,"有货就下单，隔天到手。正品保证，配件齐全。
送礼首选，高大上，值得入手。"
20655384770,5,这个颜色很喜欢，摸起来质感不错，百搭～包装也很大气，用来送人的话也是不错的选择这个颜色很喜欢，摸起来质感不错，百搭～包装也很大气，用来送人的话也是不错的选择这个颜色很喜欢，摸起来质感不错，百搭～包装也很大气，用来送人的话也是不错的选择
20726950296,5,"外形外观：外观好看，真棒
拍照效果：拍照像素很好很清晰"
20740373106,5,媳妇儿很喜欢，小巧可爱，携带方便。运行也非常流畅
20642727019,5,手机很漂亮，折痕很浅，基本看不清。小屏有更多插件就好了。
20602766646,5,不错不错，颜值高，对比了几款，确实他颜值最高，质感最好
20530053913,5,一直等着5G折叠，发布会当天就激动不已，马上预约走起。开盒很惊艳，很喜欢！
20572297354,5,快递真的很快的，当天就到达了！！而且手感很好！！也非常流畅，很赞
20538746893,5,好薄好长好滑，手感很好，颜值很高，拍照很爽，除了贵些，无可挑剔。
20576929320,5,手感相当丝滑，开机很快，终于解决了发热的问题，爱不释手支持华为支持国货，还是京东有保障，下单快捷支付简单，包装很严密，发货快我很满意！
20530608030,5,刚收到，手机很漂亮，华为遥遥领先！
20604955571,5,这手机太喜欢了，挺适合女生用，太赞了
20575442591,5,给女人买的生日礼物，颜色很好看，几乎没有折痕，系统棒棒哒！
20610793397,5,很好的产品，很时尚，遥遥领先！
20539679413,5,预售的新机终于到手了，背面磨砂质感拿到手里非常舒适，整机透着高级大气，给华为点赞👍
20741503827,5,很好，很喜欢，性价比很高，超级值得购买，太棒了，很好的购买体验
20635861266,5,买来这个是送人的，她很喜欢.卖家的贴心让我感到很温暖.以后我还会来选的精致喜欢满意
20628495313,5,手机很好，信号好，外形好看，使用感好，准备再买个大折叠。
20808233474,5,凑单买的，没想到质量跟专卖店一样，特别特别喜欢，而且价格优惠
20606022572,5,有颜又试用的手机 很是心水爱了爱了
20570890475,5,物流非常快，当天就能到达，到达后就迫不及待拆开了，手感比以前好很多，也流畅，非常好用
20550118903,5,💌收到立马打开看了一下，非常不错，质量超好，颜值又高😘，推荐推荐🉑支持国产支持华为
20539314958,5,补货速度挺快的，很适合女性的手机外观好看，速度很快，内存也大
20738851043,5,"质量可以说是非常好了，与卖家描述的完全一致，一直在京东上买京东自营的东西，非常满意,真的很喜欢，完全超出期望值，发货速度非常快，包装非常仔细、严实，物流配送的速度一如既往的很好，运送速度很快，很满意的一次购物!!!"
20672550255,5,手机绚丽光彩，很具有女士特色，值得拥有！下单送货速度快，非常吸睛，值得拥有！
20686300508,5,用了一段时间了，原相机拍照就很好，完全不用开美颜
20712554975,5,太好看了，买对了，又小巧又可爱！握手感超好！品质保证！
20709319344,5,锅的材质很好 加热快  很方便                         。锅的材质很好 加热快  很方便                         。
20615359770,5,机子折叠小巧，灰色有质感，送老婆心心念念很久了，支持华为；京东隔天到货速度杠杠滴，满意赞！
20574273036,5,宝贝收到，一如既往的好，包装很到位，质量还不错，很喜欢，大品牌值得信赖
20621165161,5,第一次用华为，手感很好很薄
20542770076,5,物流很快，价格不菲。
20612551106,5,手机很快就收到了，隔天就能到，迫不及待打开了，手感丝滑，操作也流畅
20534298052,5,除了续航都很不错哟，外观也很漂亮
20768472779,5,这款手机小巧精致，特别好用，送给朋友，他特别喜欢
20790592872,5,华为手机值得购买，折叠屏很小巧。
20758743277,5,时尚靓丽，功能强劲，系统流畅，女友很喜欢。
20537587140,5,宝贝和介绍的一样，质感很好，功能强大，用了感觉不错
20732284284,5,商品质量不错，细节、品质、做工都非常好，发货贼快，快递也给力，棒棒哒~🌸🌸🌸
20617227499,5,手机手感很棒 用了几天效果真不错。
20563586709,5,从下单到收货3天时间，原以为会要好多天，没想到这么快。东西很好，很轻薄，很好用，支持华为，支持国货！
20564923169,5,第1次尝试华为折叠小屏，手感还是非常不错的使用也很多便捷就是小屏上的功能有待更新添加京东的速度还是非常棒的，服务非常好。
20666160475,5,很喜欢折叠屏，果断入手！非常满意！比我以为的到手早！很棒很棒很棒
20574420223,5,比起第一代，确实在质量、外观上有很大的提升，速度也快了很多
20795020093,5,很漂亮，很喜欢，刚用折痕要在特定角度才能看出来。
20573267488,5,虽然经历了一些波折，但还是很快拿到手了。确实比较喜欢，很不错！
20535816182,5,超级棒，很厉害的手机，点赞
20629426112,5,颜值高，非常喜欢，满意极了，希望能用久一点，不要坏
20624796485,5,质感非常好，颜值在线，吊打隔壁！之前用的mate50，这回换了pocket2，会一直支持华为！
20764402587,5,颜色挺好看的，折叠后拿在手里也比较舒适，送货也很及时。
20692101990,5,发货超级快，到货超级快，包装很精致，真的是开启了新世界的大门&hellip;&hellip;
20530646158,5,"1号发售，2号就收到了，京东速度可以的
送老婆的，很开心"
20705343377,5,非常棒的购物体验，质量还可以，物流到货迅速，家人很喜欢，还会回购！！！
20566472817,5,值得购买的产品，做工非常精细，比想象中的好，推荐大家尝试
20614524476,5,非常好，第一次买这么贵的手机，打算用好多年
20770651872,5,手机很好，外观炸裂，女性手机的天花板，时尚引领者。
20538334152,5,手感和手机网速都特别快，再也不用担心手机内存不足了！
20756656534,5,发货快，鸿蒙系统很流畅，时尚。
20783523547,5,外观非常棒，手感一流，
20698937408,5,华为手机质量非常不错，拍照效果好，通话音质好，外观漂亮。
20674616606,5,外观颜值真的喜欢，操作也很流畅，不过抢到确实非常不容易
20552044250,5,"质感很好。
颜色是喜欢的那种
功能要用过才知道"
20732142777,5,手机颜值在线，老婆非常喜欢，拍照不错，折叠方便
20531204456,5,终于到货了，非常完美的手机。
20571028156,5,😃大品牌！值得信赖！效果超级好！贵有贵的道理！很棒的商品！
20556692140,5,华为遥遥领先，发货速度很快，手机完美，很好的一次购物体验，支持国产，支持华为，价格要坚挺住
20531882259,5,大品牌！值得信赖的！效果超级好！贵有贵的道理！很棒的商品！
20538082004,5,大溪地灰非常高级，犹豫后还是选择了灰
20736403334,5,很香很好用，小巧方便，做为主机也没有什么顾虑
20638076781,5,给媳妇买的，拍照很好，从苹果13换过来的。外观小巧，折痕很小
20703550099,5,颜值真的太可啦！已经用了一周，操作也很流畅
20569499069,5,还没使用，应该很好，我信任华为
20612990111,5,手机很漂亮，性能也很不错，可以满足日常需要
20570703845,5,很不错，操作起来很好，拿着也很方便，很喜欢。
20573491056,5,洛可可白，很漂亮，没有让我失望，等了一个多星期才到货，迫不及待拆开，很美！
20573498033,5,非常漂亮非常喜欢！除了电池不是跟耐用，其他都非常好！
20725770928,5,非常喜欢，手感很好，折叠很方便小巧，一如既往支持华为
20672587704,5,这是一款颜值很高的相机，送给亲人用的，她看了赞不绝口。
20598660437,5,京东自营抢购的，预计25日有货，15日就到了，质感很好，颜色喜欢。
20598316980,5,爱了爱了，非常好的一款手机，以前一直是用苹果的手机，第一次用华为，这款手机值得入手，华为真不会让你失望
20568646046,5,"非常OK
外形外观：和图片上的一样
续航能力强"
20720996224,5,用了有段时间，外观漂亮，性能可靠，非常喜欢
20532609132,5,感觉很好，物有所值。
20561207926,5,非常好，屏幕舒服，大小合适，很适合女孩子用
20793153886,5,一直在用华为，很好使用方便。折叠后小巧携带方便。
20628573669,5,东西收到了，感觉确实挺不错的，用起来手感也很不错的
20577353453,5,太好看了，简直是艺术品，发货也快，遥遥领先！
20536922380,5,手机手感不错呦，颜值也可以！物流速度快，服务一流！
20588359795,5,"第一时间抢到新机！运气爆棚！镜头模组和外屏打造成一对圆润饱满的珍珠双环设计，经典对称布局，呈现和谐的秩序之美！不愧为遥遥领先！
很满意，音质效果好，看电影时像是整个房间有立体声。华为Pocket 2 拍照效果也满意，很清晰。电池很耐用，对我这种待机时间将近20小时的人，充满一次电能用2天，运行速度也快，支持华为。华为加油！"
20530744906,5,给老婆买的。物流超快。一下班就给老婆惊喜。哈哈喜欢。
20670791101,5,发货超级快，到货超级快，包装很精致，真的是开启了新世界的大门&hellip;&hellip;
20539932250,5,手感真的超级棒！！轻巧好使，灵敏度也非常好
20766333371,1,刚用一个月，真是遥遥领先，问题一天都不答复
20591764116,5,东西很满意哦，美观时尚大气，客服超级有耐心，服务细致贴心，大品牌就是不一样
20699174188,5,做工精致，运行流畅，折痕不明显，很好
20573692990,5,颜值很高，折痕不明显，喜欢，拍照效果也非常好
20623885845,5,使用还不错 老婆很喜欢 时尚 小巧玲珑
20599011044,5,超级超级喜欢这个美丽的小折叠机，单凭颜值就够了。
20599389605,5,华为的这款手机做工还是很给力的，值得购买
20650264770,5,太好看了 特别喜欢 太高级了强烈推荐 爱中国 真的爱中华
20541439138,5,华为PocKet2精致、惊艳，感觉极佳，手感超好
20706829521,5,送货及时，外型美观，使用方便，感觉很好。
20752293813,5,遥遥领先，质量非常好，大小合适，很满意！
20719741764,5,期待已久的小手机终于到了 非常喜欢先试用看看
20557804013,5,给老婆买的三八节礼物，刚好赶在三八节收到，老婆很喜欢，东西很不错，华为品质值得信赖。
20718099892,5,华为手机质量非常不错，外观精美，拍照效果很好，。
20543176792,5,"拍猫很可爱我很喜欢
拍照效果：效果很好"
20662241172,5,很好看，很喜欢，用了大半个月了，爱不释手，
20624088074,5,手机收到了，很漂亮，在小哥哥建议下买了一个屏保保险，希望一直用的说顺手，很开心，收到新手机
20642163208,5,折起来放口袋里真的很方便，每次打开也很有仪式感
20615559683,5,非常漂亮的手机，支持华为，支持国产，老婆很满意
20628476858,5,外观设计的非常好看，拿在手里很亲巧！非常喜欢！
20688434200,5,颜色很好看  搭配新款的耳机很漂亮 完美的手机
20812304183,5,期待很久 纠结很久  拿下！！！超级喜欢这个颜色！
20589840516,5,手机很漂亮，质感不错，铰链痕迹几乎看不到。
20614723083,5,很漂亮的手机，这种折叠方式比较适合女性使用！
20569166667,5,外观真的好看。爱人收到贼开心。。。
20732715965,5,好很好哦 喜欢 嘻嘻哈哈哈哈我喜欢💕！
20614783932,5,外观没有磕碰   成色非超好  京东华为店就是靠谱
20678127803,5,拿到手质感不错，刚使用很流畅，应该是正品没错👍
20627230966,5,被颜值吸引，被品质折服。太漂亮了，爱不释手的新玩具。
20570335522,5,好看，质量很好，家人喜欢，遥遥领先
20631225958,5,物流一下子就收到了！！白色真的很好看！！很好用
20630279350,5,手机小巧轻便，质量很好，运行也很流畅
20616945857,5,大小正合适，之前用的xs2，太大了，电也不够用！
20567377824,5,感觉品控比从官方商城买的还要好！加上京东超快的速度！遥遥领先！！
20640375797,5,堪称完美，满足所有需求，超乎想象的使用体验。
20549309967,5,外形外观：漂亮！手感很好，设计优美！
20619181843,5,"很漂亮，用起来也很顺手
以旧换新：服务特别棒"
20687019127,5,很好用，老婆很喜欢送的速度很快看起来就喜欢。
20592592616,5,手机运行速度比 pocket2 快太多了，一点也不卡。
20537383736,5,白色超级美，冲冲冲冲
20581232870,5,真心不错，屏幕颜色自然，折痕也不明显，值得购买
